"id","string"
"1","ALTNKYIN"
"2","ALTNKYIL"
"3","ALTNKYMO"
"4","ALTNKYVA"
"5","ALTNKYWV"
"6","ALTNKYOH"
"7","ALTNMOIA"
"8","ALTNMONE"
"9","ALTNMOKS"
"10","ALTNMOOK"
"11","ALTNMOAR"
"12","ALTNMOKY"
"13","ALTNMOIL"
"14","ALTNARMO"
"15","ALTNAROK"
"16","ALTNARTX"
"17","ALTNARLA"
"18","ALTNARMS"
"19","ALTNMSAR"
"20","ALTNMSLA"
"21","ALTNGANC"
"22","ALTNGAFL"
"23","ALTNGASC"
"24","ALTNNCVA"
"25","ALTNNCGA"
"26","ALTNNCSC"
"27","ALTNVAMD"
"28","ALTNVAWV"
"29","ALTNVAKY"
"30","ALTNVANC"
"31","ALMSTNKY"
"32","ALMSTNMO"
"33","ALMSTNAR"
"34","ALMSTNGA"
"35","ALMSTNNC"
"36","ALMSTNVA"
"37","ALMSARMO"
"38","ALMSAROK"
"39","ALMSARTX"
"40","ALMSARLA"
"41","ALMSARTN"
"42","ALMSLAAR"
"43","ALMSLATX"
"44","ALFLGANC"
"45","ALFLGATN"
"46","ALFLGASC"
"47","ALGANCVA"
"48","ALGANCTN"
"49","ALGANCSC"
"50","ALGATNKY"
"51","ALGATNMO"
"52","ALGATNAR"
"53","ALGATNMS"
"54","ALGATNNC"
"55","ALGATNVA"
"56","ALGASCNC"
"57","ARMOIAMN"
"58","ARMOIASD"
"59","ARMOIANE"
"60","ARMOIAIL"
"61","ARMOIAWI"
"62","ARMONESD"
"63","ARMONEWY"
"64","ARMONECO"
"65","ARMONESD"
"66","ARMONEIA"
"67","ARMOKSNE"
"68","ARMOKSCO"
"69","ARMOKSOK"
"70","ARMOOKKS"
"71","ARMOOKCO"
"72","ARMOOKNM"
"73","ARMOOKTX"
"74","ARMOTNKY"
"75","ARMOTNMS"
"76","ARMOTNAL"
"77","ARMOTNGA"
"78","ARMOTNNC"
"79","ARMOTNVA"
"80","ARMOKYIN"
"81","ARMOKYIL"
"82","ARMOKYTN"
"83","ARMOKYVA"
"84","ARMOKYWV"
"85","ARMOKYOH"
"86","ARMOILWI"
"87","ARMOILIA"
"88","ARMOILKY"
"89","ARMOILIN"
"90","AROKKSNE"
"91","AROKKSCO"
"92","AROKKSMO"
"93","AROKCOWY"
"94","AROKCOUT"
"95","AROKCONM"
"96","AROKCOKS"
"97","AROKCONE"
"98","AROKNMCO"
"99","AROKNMAZ"
"100","AROKNMTX"
"101","AROKTXNM"
"102","AROKTXLA"
"103","AROKMOIA"
"104","AROKMONE"
"105","AROKMOKS"
"106","AROKMOTN"
"107","AROKMOKY"
"108","AROKMOIL"
"109","ARTXOKKS"
"110","ARTXOKCO"
"111","ARTXOKNM"
"112","ARTXOKMO"
"113","ARTXNMCO"
"114","ARTXNMAZ"
"115","ARTXNMOK"
"116","ARTXLAMS"
"117","ARLATXOK"
"118","ARLATXNM"
"119","ARLAMSTN"
"120","ARLAMSAL"
"121","ARMSTNKY"
"122","ARMSTNMO"
"123","ARMSTNAL"
"124","ARMSTNGA"
"125","ARMSTNNC"
"126","ARMSTNVA"
"127","ARMSLATX"
"128","ARMSALTN"
"129","ARMSALFL"
"130","ARMSALGA"
"131","ARTNKYIN"
"132","ARTNKYIL"
"133","ARTNKYMO"
"134","ARTNKYVA"
"135","ARTNKYWV"
"136","ARTNKYOH"
"137","ARTNMOIA"
"138","ARTNMONE"
"139","ARTNMOKS"
"140","ARTNMOOK"
"141","ARTNMOKY"
"142","ARTNMOIL"
"143","ARTNMSLA"
"144","ARTNMSAL"
"145","ARTNALMS"
"146","ARTNALFL"
"147","ARTNALGA"
"148","ARTNGANC"
"149","ARTNGAAL"
"150","ARTNGAFL"
"151","ARTNGASC"
"152","ARTNNCVA"
"153","ARTNNCGA"
"154","ARTNNCSC"
"155","ARTNVAMD"
"156","ARTNVAWV"
"157","ARTNVAKY"
"158","ARTNVANC"
"159","AZUTIDWA"
"160","AZUTIDOR"
"161","AZUTIDNV"
"162","AZUTIDMT"
"163","AZUTIDWY"
"164","AZUTNVOR"
"165","AZUTNVCA"
"166","AZUTNVID"
"167","AZUTCOWY"
"168","AZUTCONM"
"169","AZUTCOOK"
"170","AZUTCOKS"
"171","AZUTCONE"
"172","AZUTWYMT"
"173","AZUTWYID"
"174","AZUTWYCO"
"175","AZUTWYNE"
"176","AZUTWYSD"
"177","AZNVORID"
"178","AZNVORCA"
"179","AZNVORWA"
"180","AZNVCAOR"
"181","AZNVUTID"
"182","AZNVUTCO"
"183","AZNVUTWY"
"184","AZNVIDWA"
"185","AZNVIDOR"
"186","AZNVIDUT"
"187","AZNVIDMT"
"188","AZNVIDWY"
"189","AZCAORID"
"190","AZCAORNV"
"191","AZCAORWA"
"192","AZCANVOR"
"193","AZCANVUT"
"194","AZCANVID"
"195","AZNMCOWY"
"196","AZNMCOUT"
"197","AZNMCOOK"
"198","AZNMCOKS"
"199","AZNMCONE"
"200","AZNMTXOK"
"201","AZNMTXLA"
"202","AZNMTXAR"
"203","AZNMOKKS"
"204","AZNMOKCO"
"205","AZNMOKTX"
"206","AZNMOKAR"
"207","AZNMOKMO"
"208","CAORIDWA"
"209","CAORIDNV"
"210","CAORIDUT"
"211","CAORIDMT"
"212","CAORIDWY"
"213","CAORNVAZ"
"214","CAORNVUT"
"215","CAORNVID"
"216","CAORWAID"
"217","CANVORID"
"218","CANVORWA"
"219","CANVAZUT"
"220","CANVAZNM"
"221","CANVUTID"
"222","CANVUTAZ"
"223","CANVUTCO"
"224","CANVUTWY"
"225","CANVIDWA"
"226","CANVIDOR"
"227","CANVIDUT"
"228","CANVIDMT"
"229","CANVIDWY"
"230","CAAZUTID"
"231","CAAZUTNV"
"232","CAAZUTCO"
"233","CAAZUTWY"
"234","CAAZNVOR"
"235","CAAZNVUT"
"236","CAAZNVID"
"237","CAAZNMCO"
"238","CAAZNMTX"
"239","CAAZNMOK"
"240","COWYMTID"
"241","COWYMTND"
"242","COWYMTSD"
"243","COWYIDWA"
"244","COWYIDOR"
"245","COWYIDNV"
"246","COWYIDUT"
"247","COWYIDMT"
"248","COWYUTID"
"249","COWYUTNV"
"250","COWYUTAZ"
"251","COWYNESD"
"252","COWYNESD"
"253","COWYNEMO"
"254","COWYNEIA"
"255","COWYSDND"
"256","COWYSDMT"
"257","COWYSDNE"
"258","COWYSDIA"
"259","COWYSDMN"
"260","COUTIDWA"
"261","COUTIDOR"
"262","COUTIDNV"
"263","COUTIDMT"
"264","COUTIDWY"
"265","COUTNVOR"
"266","COUTNVCA"
"267","COUTNVAZ"
"268","COUTNVID"
"269","COUTAZNV"
"270","COUTAZCA"
"271","COUTAZNM"
"272","COUTWYMT"
"273","COUTWYID"
"274","COUTWYNE"
"275","COUTWYSD"
"276","CONMAZUT"
"277","CONMAZNV"
"278","CONMAZCA"
"279","CONMTXOK"
"280","CONMTXLA"
"281","CONMTXAR"
"282","CONMOKKS"
"283","CONMOKTX"
"284","CONMOKAR"
"285","CONMOKMO"
"286","COOKKSNE"
"287","COOKKSMO"
"288","COOKNMAZ"
"289","COOKNMTX"
"290","COOKTXNM"
"291","COOKTXLA"
"292","COOKTXAR"
"293","COOKARMO"
"294","COOKARTX"
"295","COOKARLA"
"296","COOKARMS"
"297","COOKARTN"
"298","COOKMOIA"
"299","COOKMONE"
"300","COOKMOKS"
"301","COOKMOAR"
"302","COOKMOTN"
"303","COOKMOKY"
"304","COOKMOIL"
"305","COKSNESD"
"306","COKSNEWY"
"307","COKSNESD"
"308","COKSNEMO"
"309","COKSNEIA"
"310","COKSOKNM"
"311","COKSOKTX"
"312","COKSOKAR"
"313","COKSOKMO"
"314","COKSMOIA"
"315","COKSMONE"
"316","COKSMOOK"
"317","COKSMOAR"
"318","COKSMOTN"
"319","COKSMOKY"
"320","COKSMOIL"
"321","CONESDND"
"322","CONESDMT"
"323","CONESDWY"
"324","CONESDIA"
"325","CONESDMN"
"326","CONEWYMT"
"327","CONEWYID"
"328","CONEWYUT"
"329","CONEWYSD"
"330","CONESDND"
"331","CONESDMT"
"332","CONESDWY"
"333","CONESDIA"
"334","CONESDMN"
"335","CONEMOIA"
"336","CONEMOKS"
"337","CONEMOOK"
"338","CONEMOAR"
"339","CONEMOTN"
"340","CONEMOKY"
"341","CONEMOIL"
"342","CONEIAMN"
"343","CONEIASD"
"344","CONEIAMO"
"345","CONEIAIL"
"346","CONEIAWI"
"347","CTMAVTNY"
"348","CTMAVTNH"
"349","CTMANYPA"
"350","CTMANYNJ"
"351","CTMANYVT"
"352","CTMANHVT"
"353","CTMANHME"
"354","CTNYPAOH"
"355","CTNYPAWV"
"356","CTNYPAMD"
"357","CTNYPADE"
"358","CTNYPANJ"
"359","CTNYNJPA"
"360","CTNYNJDE"
"361","CTNYMAVT"
"362","CTNYMARI"
"363","CTNYMANH"
"364","CTNYVTMA"
"365","CTNYVTNH"
"366","CTRIMAVT"
"367","CTRIMANY"
"368","CTRIMANH"
"369","DEMDPANY"
"370","DEMDPAOH"
"371","DEMDPAWV"
"372","DEMDPANJ"
"373","DEMDWVOH"
"374","DEMDWVKY"
"375","DEMDWVVA"
"376","DEMDWVPA"
"377","DEMDVAWV"
"378","DEMDVAKY"
"379","DEMDVATN"
"380","DEMDVANC"
"381","DENJNYPA"
"382","DENJNYCT"
"383","DENJNYMA"
"384","DENJNYVT"
"385","DENJPANY"
"386","DENJPAOH"
"387","DENJPAWV"
"388","DENJPAMD"
"389","FLGANCVA"
"390","FLGANCTN"
"391","FLGANCSC"
"392","FLGATNKY"
"393","FLGATNMO"
"394","FLGATNAR"
"395","FLGATNMS"
"396","FLGATNAL"
"397","FLGATNNC"
"398","FLGATNVA"
"399","FLGAALTN"
"400","FLGAALMS"
"401","FLGASCNC"
"402","FLALTNKY"
"403","FLALTNMO"
"404","FLALTNAR"
"405","FLALTNMS"
"406","FLALTNGA"
"407","FLALTNNC"
"408","FLALTNVA"
"409","FLALMSTN"
"410","FLALMSAR"
"411","FLALMSLA"
"412","FLALGANC"
"413","FLALGATN"
"414","FLALGASC"
"415","GANCVAMD"
"416","GANCVAWV"
"417","GANCVAKY"
"418","GANCVATN"
"419","GANCTNKY"
"420","GANCTNMO"
"421","GANCTNAR"
"422","GANCTNMS"
"423","GANCTNAL"
"424","GANCTNVA"
"425","GATNKYIN"
"426","GATNKYIL"
"427","GATNKYMO"
"428","GATNKYVA"
"429","GATNKYWV"
"430","GATNKYOH"
"431","GATNMOIA"
"432","GATNMONE"
"433","GATNMOKS"
"434","GATNMOOK"
"435","GATNMOAR"
"436","GATNMOKY"
"437","GATNMOIL"
"438","GATNARMO"
"439","GATNAROK"
"440","GATNARTX"
"441","GATNARLA"
"442","GATNARMS"
"443","GATNMSAR"
"444","GATNMSLA"
"445","GATNMSAL"
"446","GATNALMS"
"447","GATNALFL"
"448","GATNNCVA"
"449","GATNNCSC"
"450","GATNVAMD"
"451","GATNVAWV"
"452","GATNVAKY"
"453","GATNVANC"
"454","GAALTNKY"
"455","GAALTNMO"
"456","GAALTNAR"
"457","GAALTNMS"
"458","GAALTNNC"
"459","GAALTNVA"
"460","GAALMSTN"
"461","GAALMSAR"
"462","GAALMSLA"
"463","GAFLALTN"
"464","GAFLALMS"
"465","GASCNCVA"
"466","GASCNCTN"
"467","IAMNNDMT"
"468","IAMNNDSD"
"469","IAMNSDND"
"470","IAMNSDMT"
"471","IAMNSDWY"
"472","IAMNSDNE"
"473","IAMNWIIL"
"474","IAMNWIMI"
"475","IASDNDMT"
"476","IASDNDMN"
"477","IASDMTID"
"478","IASDMTWY"
"479","IASDMTND"
"480","IASDWYMT"
"481","IASDWYID"
"482","IASDWYUT"
"483","IASDWYCO"
"484","IASDWYNE"
"485","IASDNEWY"
"486","IASDNECO"
"487","IASDNEMO"
"488","IASDMNND"
"489","IASDMNWI"
"490","IANESDND"
"491","IANESDMT"
"492","IANESDWY"
"493","IANESDMN"
"494","IANEWYMT"
"495","IANEWYID"
"496","IANEWYUT"
"497","IANEWYCO"
"498","IANEWYSD"
"499","IANECOWY"
"500","IANECOUT"
"501","IANECONM"
"502","IANECOOK"
"503","IANECOKS"
"504","IANESDND"
"505","IANESDMT"
"506","IANESDWY"
"507","IANESDMN"
"508","IANEMOKS"
"509","IANEMOOK"
"510","IANEMOAR"
"511","IANEMOTN"
"512","IANEMOKY"
"513","IANEMOIL"
"514","IAMONESD"
"515","IAMONEWY"
"516","IAMONECO"
"517","IAMONESD"
"518","IAMOKSNE"
"519","IAMOKSCO"
"520","IAMOKSOK"
"521","IAMOOKKS"
"522","IAMOOKCO"
"523","IAMOOKNM"
"524","IAMOOKTX"
"525","IAMOOKAR"
"526","IAMOAROK"
"527","IAMOARTX"
"528","IAMOARLA"
"529","IAMOARMS"
"530","IAMOARTN"
"531","IAMOTNKY"
"532","IAMOTNAR"
"533","IAMOTNMS"
"534","IAMOTNAL"
"535","IAMOTNGA"
"536","IAMOTNNC"
"537","IAMOTNVA"
"538","IAMOKYIN"
"539","IAMOKYIL"
"540","IAMOKYTN"
"541","IAMOKYVA"
"542","IAMOKYWV"
"543","IAMOKYOH"
"544","IAMOILWI"
"545","IAMOILKY"
"546","IAMOILIN"
"547","IAILWIMN"
"548","IAILWIMI"
"549","IAILMONE"
"550","IAILMOKS"
"551","IAILMOOK"
"552","IAILMOAR"
"553","IAILMOTN"
"554","IAILMOKY"
"555","IAILKYIN"
"556","IAILKYMO"
"557","IAILKYTN"
"558","IAILKYVA"
"559","IAILKYWV"
"560","IAILKYOH"
"561","IAILINMI"
"562","IAILINKY"
"563","IAILINOH"
"564","IAWIMNND"
"565","IAWIMNSD"
"566","IAWIILMO"
"567","IAWIILKY"
"568","IAWIILIN"
"569","IAWIMIIN"
"570","IAWIMIOH"
"571","IDWAORCA"
"572","IDWAORNV"
"573","IDORCANV"
"574","IDORCAAZ"
"575","IDORNVCA"
"576","IDORNVAZ"
"577","IDORNVUT"
"578","IDNVORCA"
"579","IDNVORWA"
"580","IDNVCAOR"
"581","IDNVCAAZ"
"582","IDNVAZUT"
"583","IDNVAZCA"
"584","IDNVAZNM"
"585","IDNVUTAZ"
"586","IDNVUTCO"
"587","IDNVUTWY"
"588","IDUTNVOR"
"589","IDUTNVCA"
"590","IDUTNVAZ"
"591","IDUTAZNV"
"592","IDUTAZCA"
"593","IDUTAZNM"
"594","IDUTCOWY"
"595","IDUTCONM"
"596","IDUTCOOK"
"597","IDUTCOKS"
"598","IDUTCONE"
"599","IDUTWYMT"
"600","IDUTWYCO"
"601","IDUTWYNE"
"602","IDUTWYSD"
"603","IDMTWYUT"
"604","IDMTWYCO"
"605","IDMTWYNE"
"606","IDMTWYSD"
"607","IDMTNDSD"
"608","IDMTNDMN"
"609","IDMTSDND"
"610","IDMTSDWY"
"611","IDMTSDNE"
"612","IDMTSDIA"
"613","IDMTSDMN"
"614","IDWYMTND"
"615","IDWYMTSD"
"616","IDWYUTNV"
"617","IDWYUTAZ"
"618","IDWYUTCO"
"619","IDWYCOUT"
"620","IDWYCONM"
"621","IDWYCOOK"
"622","IDWYCOKS"
"623","IDWYCONE"
"624","IDWYNESD"
"625","IDWYNECO"
"626","IDWYNESD"
"627","IDWYNEMO"
"628","IDWYNEIA"
"629","IDWYSDND"
"630","IDWYSDMT"
"631","IDWYSDNE"
"632","IDWYSDIA"
"633","IDWYSDMN"
"634","ILWIMNND"
"635","ILWIMNSD"
"636","ILWIMNIA"
"637","ILWIIAMN"
"638","ILWIIASD"
"639","ILWIIANE"
"640","ILWIIAMO"
"641","ILWIMIIN"
"642","ILWIMIOH"
"643","ILIAMNND"
"644","ILIAMNSD"
"645","ILIAMNWI"
"646","ILIASDND"
"647","ILIASDMT"
"648","ILIASDWY"
"649","ILIASDNE"
"650","ILIASDMN"
"651","ILIANESD"
"652","ILIANEWY"
"653","ILIANECO"
"654","ILIANESD"
"655","ILIANEMO"
"656","ILIAMONE"
"657","ILIAMOKS"
"658","ILIAMOOK"
"659","ILIAMOAR"
"660","ILIAMOTN"
"661","ILIAMOKY"
"662","ILIAWIMN"
"663","ILIAWIMI"
"664","ILMOIAMN"
"665","ILMOIASD"
"666","ILMOIANE"
"667","ILMOIAWI"
"668","ILMONESD"
"669","ILMONEWY"
"670","ILMONECO"
"671","ILMONESD"
"672","ILMONEIA"
"673","ILMOKSNE"
"674","ILMOKSCO"
"675","ILMOKSOK"
"676","ILMOOKKS"
"677","ILMOOKCO"
"678","ILMOOKNM"
"679","ILMOOKTX"
"680","ILMOOKAR"
"681","ILMOAROK"
"682","ILMOARTX"
"683","ILMOARLA"
"684","ILMOARMS"
"685","ILMOARTN"
"686","ILMOTNKY"
"687","ILMOTNAR"
"688","ILMOTNMS"
"689","ILMOTNAL"
"690","ILMOTNGA"
"691","ILMOTNNC"
"692","ILMOTNVA"
"693","ILMOKYIN"
"694","ILMOKYTN"
"695","ILMOKYVA"
"696","ILMOKYWV"
"697","ILMOKYOH"
"698","ILKYINMI"
"699","ILKYINOH"
"700","ILKYMOIA"
"701","ILKYMONE"
"702","ILKYMOKS"
"703","ILKYMOOK"
"704","ILKYMOAR"
"705","ILKYMOTN"
"706","ILKYTNMO"
"707","ILKYTNAR"
"708","ILKYTNMS"
"709","ILKYTNAL"
"710","ILKYTNGA"
"711","ILKYTNNC"
"712","ILKYTNVA"
"713","ILKYVAMD"
"714","ILKYVAWV"
"715","ILKYVATN"
"716","ILKYVANC"
"717","ILKYWVOH"
"718","ILKYWVVA"
"719","ILKYWVMD"
"720","ILKYWVPA"
"721","ILKYOHMI"
"722","ILKYOHIN"
"723","ILKYOHWV"
"724","ILKYOHPA"
"725","ILINMIWI"
"726","ILINMIOH"
"727","ILINKYMO"
"728","ILINKYTN"
"729","ILINKYVA"
"730","ILINKYWV"
"731","ILINKYOH"
"732","ILINOHMI"
"733","ILINOHKY"
"734","ILINOHWV"
"735","ILINOHPA"
"736","INMIWIMN"
"737","INMIWIIA"
"738","INMIWIIL"
"739","INMIOHKY"
"740","INMIOHWV"
"741","INMIOHPA"
"742","INILWIMN"
"743","INILWIIA"
"744","INILWIMI"
"745","INILIAMN"
"746","INILIASD"
"747","INILIANE"
"748","INILIAMO"
"749","INILIAWI"
"750","INILMOIA"
"751","INILMONE"
"752","INILMOKS"
"753","INILMOOK"
"754","INILMOAR"
"755","INILMOTN"
"756","INILMOKY"
"757","INILKYMO"
"758","INILKYTN"
"759","INILKYVA"
"760","INILKYWV"
"761","INILKYOH"
"762","INKYILWI"
"763","INKYILIA"
"764","INKYILMO"
"765","INKYMOIA"
"766","INKYMONE"
"767","INKYMOKS"
"768","INKYMOOK"
"769","INKYMOAR"
"770","INKYMOTN"
"771","INKYMOIL"
"772","INKYTNMO"
"773","INKYTNAR"
"774","INKYTNMS"
"775","INKYTNAL"
"776","INKYTNGA"
"777","INKYTNNC"
"778","INKYTNVA"
"779","INKYVAMD"
"780","INKYVAWV"
"781","INKYVATN"
"782","INKYVANC"
"783","INKYWVOH"
"784","INKYWVVA"
"785","INKYWVMD"
"786","INKYWVPA"
"787","INKYOHMI"
"788","INKYOHWV"
"789","INKYOHPA"
"790","INOHMIWI"
"791","INOHKYIL"
"792","INOHKYMO"
"793","INOHKYTN"
"794","INOHKYVA"
"795","INOHKYWV"
"796","INOHWVKY"
"797","INOHWVVA"
"798","INOHWVMD"
"799","INOHWVPA"
"800","INOHPANY"
"801","INOHPAWV"
"802","INOHPAMD"
"803","INOHPADE"
"804","INOHPANJ"
"805","KSNESDND"
"806","KSNESDMT"
"807","KSNESDWY"
"808","KSNESDIA"
"809","KSNESDMN"
"810","KSNEWYMT"
"811","KSNEWYID"
"812","KSNEWYUT"
"813","KSNEWYCO"
"814","KSNEWYSD"
"815","KSNECOWY"
"816","KSNECOUT"
"817","KSNECONM"
"818","KSNECOOK"
"819","KSNESDND"
"820","KSNESDMT"
"821","KSNESDWY"
"822","KSNESDIA"
"823","KSNESDMN"
"824","KSNEMOIA"
"825","KSNEMOOK"
"826","KSNEMOAR"
"827","KSNEMOTN"
"828","KSNEMOKY"
"829","KSNEMOIL"
"830","KSNEIAMN"
"831","KSNEIASD"
"832","KSNEIAMO"
"833","KSNEIAIL"
"834","KSNEIAWI"
"835","KSCOWYMT"
"836","KSCOWYID"
"837","KSCOWYUT"
"838","KSCOWYNE"
"839","KSCOWYSD"
"840","KSCOUTID"
"841","KSCOUTNV"
"842","KSCOUTAZ"
"843","KSCOUTWY"
"844","KSCONMAZ"
"845","KSCONMTX"
"846","KSCONMOK"
"847","KSCOOKNM"
"848","KSCOOKTX"
"849","KSCOOKAR"
"850","KSCOOKMO"
"851","KSCONESD"
"852","KSCONEWY"
"853","KSCONESD"
"854","KSCONEMO"
"855","KSCONEIA"
"856","KSOKCOWY"
"857","KSOKCOUT"
"858","KSOKCONM"
"859","KSOKCONE"
"860","KSOKNMCO"
"861","KSOKNMAZ"
"862","KSOKNMTX"
"863","KSOKTXNM"
"864","KSOKTXLA"
"865","KSOKTXAR"
"866","KSOKARMO"
"867","KSOKARTX"
"868","KSOKARLA"
"869","KSOKARMS"
"870","KSOKARTN"
"871","KSOKMOIA"
"872","KSOKMONE"
"873","KSOKMOAR"
"874","KSOKMOTN"
"875","KSOKMOKY"
"876","KSOKMOIL"
"877","KSMOIAMN"
"878","KSMOIASD"
"879","KSMOIANE"
"880","KSMOIAIL"
"881","KSMOIAWI"
"882","KSMONESD"
"883","KSMONEWY"
"884","KSMONECO"
"885","KSMONESD"
"886","KSMONEIA"
"887","KSMOOKCO"
"888","KSMOOKNM"
"889","KSMOOKTX"
"890","KSMOOKAR"
"891","KSMOAROK"
"892","KSMOARTX"
"893","KSMOARLA"
"894","KSMOARMS"
"895","KSMOARTN"
"896","KSMOTNKY"
"897","KSMOTNAR"
"898","KSMOTNMS"
"899","KSMOTNAL"
"900","KSMOTNGA"
"901","KSMOTNNC"
"902","KSMOTNVA"
"903","KSMOKYIN"
"904","KSMOKYIL"
"905","KSMOKYTN"
"906","KSMOKYVA"
"907","KSMOKYWV"
"908","KSMOKYOH"
"909","KSMOILWI"
"910","KSMOILIA"
"911","KSMOILKY"
"912","KSMOILIN"
"913","KYINMIWI"
"914","KYINMIOH"
"915","KYINILWI"
"916","KYINILIA"
"917","KYINILMO"
"918","KYINOHMI"
"919","KYINOHWV"
"920","KYINOHPA"
"921","KYILWIMN"
"922","KYILWIIA"
"923","KYILWIMI"
"924","KYILIAMN"
"925","KYILIASD"
"926","KYILIANE"
"927","KYILIAMO"
"928","KYILIAWI"
"929","KYILMOIA"
"930","KYILMONE"
"931","KYILMOKS"
"932","KYILMOOK"
"933","KYILMOAR"
"934","KYILMOTN"
"935","KYILINMI"
"936","KYILINOH"
"937","KYMOIAMN"
"938","KYMOIASD"
"939","KYMOIANE"
"940","KYMOIAIL"
"941","KYMOIAWI"
"942","KYMONESD"
"943","KYMONEWY"
"944","KYMONECO"
"945","KYMONESD"
"946","KYMONEIA"
"947","KYMOKSNE"
"948","KYMOKSCO"
"949","KYMOKSOK"
"950","KYMOOKKS"
"951","KYMOOKCO"
"952","KYMOOKNM"
"953","KYMOOKTX"
"954","KYMOOKAR"
"955","KYMOAROK"
"956","KYMOARTX"
"957","KYMOARLA"
"958","KYMOARMS"
"959","KYMOARTN"
"960","KYMOTNAR"
"961","KYMOTNMS"
"962","KYMOTNAL"
"963","KYMOTNGA"
"964","KYMOTNNC"
"965","KYMOTNVA"
"966","KYMOILWI"
"967","KYMOILIA"
"968","KYMOILIN"
"969","KYTNMOIA"
"970","KYTNMONE"
"971","KYTNMOKS"
"972","KYTNMOOK"
"973","KYTNMOAR"
"974","KYTNMOIL"
"975","KYTNARMO"
"976","KYTNAROK"
"977","KYTNARTX"
"978","KYTNARLA"
"979","KYTNARMS"
"980","KYTNMSAR"
"981","KYTNMSLA"
"982","KYTNMSAL"
"983","KYTNALMS"
"984","KYTNALFL"
"985","KYTNALGA"
"986","KYTNGANC"
"987","KYTNGAAL"
"988","KYTNGAFL"
"989","KYTNGASC"
"990","KYTNNCVA"
"991","KYTNNCGA"
"992","KYTNNCSC"
"993","KYTNVAMD"
"994","KYTNVAWV"
"995","KYTNVANC"
"996","KYVAMDPA"
"997","KYVAMDWV"
"998","KYVAMDDE"
"999","KYVAWVOH"
"1000","KYVAWVMD"
"1001","KYVAWVPA"
"1002","KYVATNMO"
"1003","KYVATNAR"
"1004","KYVATNMS"
"1005","KYVATNAL"
"1006","KYVATNGA"
"1007","KYVATNNC"
"1008","KYVANCTN"
"1009","KYVANCGA"
"1010","KYVANCSC"
"1011","KYWVOHMI"
"1012","KYWVOHIN"
"1013","KYWVOHPA"
"1014","KYWVVAMD"
"1015","KYWVVATN"
"1016","KYWVVANC"
"1017","KYWVMDPA"
"1018","KYWVMDVA"
"1019","KYWVMDDE"
"1020","KYWVPANY"
"1021","KYWVPAOH"
"1022","KYWVPAMD"
"1023","KYWVPADE"
"1024","KYWVPANJ"
"1025","KYOHMIWI"
"1026","KYOHMIIN"
"1027","KYOHINMI"
"1028","KYOHINIL"
"1029","KYOHWVVA"
"1030","KYOHWVMD"
"1031","KYOHWVPA"
"1032","KYOHPANY"
"1033","KYOHPAWV"
"1034","KYOHPAMD"
"1035","KYOHPADE"
"1036","KYOHPANJ"
"1037","LAARMOIA"
"1038","LAARMONE"
"1039","LAARMOKS"
"1040","LAARMOOK"
"1041","LAARMOTN"
"1042","LAARMOKY"
"1043","LAARMOIL"
"1044","LAAROKKS"
"1045","LAAROKCO"
"1046","LAAROKNM"
"1047","LAAROKTX"
"1048","LAAROKMO"
"1049","LAARTXOK"
"1050","LAARTXNM"
"1051","LAARMSTN"
"1052","LAARMSAL"
"1053","LAARTNKY"
"1054","LAARTNMO"
"1055","LAARTNMS"
"1056","LAARTNAL"
"1057","LAARTNGA"
"1058","LAARTNNC"
"1059","LAARTNVA"
"1060","LATXOKKS"
"1061","LATXOKCO"
"1062","LATXOKNM"
"1063","LATXOKAR"
"1064","LATXOKMO"
"1065","LATXNMCO"
"1066","LATXNMAZ"
"1067","LATXNMOK"
"1068","LATXARMO"
"1069","LATXAROK"
"1070","LATXARMS"
"1071","LATXARTN"
"1072","LAMSTNKY"
"1073","LAMSTNMO"
"1074","LAMSTNAR"
"1075","LAMSTNAL"
"1076","LAMSTNGA"
"1077","LAMSTNNC"
"1078","LAMSTNVA"
"1079","LAMSARMO"
"1080","LAMSAROK"
"1081","LAMSARTX"
"1082","LAMSARTN"
"1083","LAMSALTN"
"1084","LAMSALFL"
"1085","LAMSALGA"
"1086","MAVTNYPA"
"1087","MAVTNYNJ"
"1088","MAVTNYCT"
"1089","MAVTNHME"
"1090","MANYPAOH"
"1091","MANYPAWV"
"1092","MANYPAMD"
"1093","MANYPADE"
"1094","MANYPANJ"
"1095","MANYNJPA"
"1096","MANYNJDE"
"1097","MANYCTRI"
"1098","MANYVTNH"
"1099","MACTNYPA"
"1100","MACTNYNJ"
"1101","MACTNYVT"
"1102","MARICTNY"
"1103","MANHVTNY"
"1104","MDPANYNJ"
"1105","MDPANYCT"
"1106","MDPANYMA"
"1107","MDPANYVT"
"1108","MDPAOHMI"
"1109","MDPAOHIN"
"1110","MDPAOHKY"
"1111","MDPAOHWV"
"1112","MDPAWVOH"
"1113","MDPAWVKY"
"1114","MDPAWVVA"
"1115","MDPADENJ"
"1116","MDPANJNY"
"1117","MDPANJDE"
"1118","MDWVOHMI"
"1119","MDWVOHIN"
"1120","MDWVOHKY"
"1121","MDWVOHPA"
"1122","MDWVKYIN"
"1123","MDWVKYIL"
"1124","MDWVKYMO"
"1125","MDWVKYTN"
"1126","MDWVKYVA"
"1127","MDWVKYOH"
"1128","MDWVVAKY"
"1129","MDWVVATN"
"1130","MDWVVANC"
"1131","MDWVPANY"
"1132","MDWVPAOH"
"1133","MDWVPADE"
"1134","MDWVPANJ"
"1135","MDVAWVOH"
"1136","MDVAWVKY"
"1137","MDVAWVPA"
"1138","MDVAKYIN"
"1139","MDVAKYIL"
"1140","MDVAKYMO"
"1141","MDVAKYTN"
"1142","MDVAKYWV"
"1143","MDVAKYOH"
"1144","MDVATNKY"
"1145","MDVATNMO"
"1146","MDVATNAR"
"1147","MDVATNMS"
"1148","MDVATNAL"
"1149","MDVATNGA"
"1150","MDVATNNC"
"1151","MDVANCTN"
"1152","MDVANCGA"
"1153","MDVANCSC"
"1154","MDDENJNY"
"1155","MDDENJPA"
"1156","MENHVTNY"
"1157","MENHVTMA"
"1158","MENHMAVT"
"1159","MENHMANY"
"1160","MENHMACT"
"1161","MENHMARI"
"1162","MIWIMNND"
"1163","MIWIMNSD"
"1164","MIWIMNIA"
"1165","MIWIIAMN"
"1166","MIWIIASD"
"1167","MIWIIANE"
"1168","MIWIIAMO"
"1169","MIWIIAIL"
"1170","MIWIILIA"
"1171","MIWIILMO"
"1172","MIWIILKY"
"1173","MIWIILIN"
"1174","MIINILWI"
"1175","MIINILIA"
"1176","MIINILMO"
"1177","MIINILKY"
"1178","MIINKYIL"
"1179","MIINKYMO"
"1180","MIINKYTN"
"1181","MIINKYVA"
"1182","MIINKYWV"
"1183","MIINKYOH"
"1184","MIINOHKY"
"1185","MIINOHWV"
"1186","MIINOHPA"
"1187","MIOHINIL"
"1188","MIOHINKY"
"1189","MIOHKYIN"
"1190","MIOHKYIL"
"1191","MIOHKYMO"
"1192","MIOHKYTN"
"1193","MIOHKYVA"
"1194","MIOHKYWV"
"1195","MIOHWVKY"
"1196","MIOHWVVA"
"1197","MIOHWVMD"
"1198","MIOHWVPA"
"1199","MIOHPANY"
"1200","MIOHPAWV"
"1201","MIOHPAMD"
"1202","MIOHPADE"
"1203","MIOHPANJ"
"1204","MNNDMTID"
"1205","MNNDMTWY"
"1206","MNNDMTSD"
"1207","MNNDSDMT"
"1208","MNNDSDWY"
"1209","MNNDSDNE"
"1210","MNNDSDIA"
"1211","MNSDNDMT"
"1212","MNSDMTID"
"1213","MNSDMTWY"
"1214","MNSDMTND"
"1215","MNSDWYMT"
"1216","MNSDWYID"
"1217","MNSDWYUT"
"1218","MNSDWYCO"
"1219","MNSDWYNE"
"1220","MNSDNEWY"
"1221","MNSDNECO"
"1222","MNSDNEMO"
"1223","MNSDNEIA"
"1224","MNSDIANE"
"1225","MNSDIAMO"
"1226","MNSDIAIL"
"1227","MNSDIAWI"
"1228","MNIASDND"
"1229","MNIASDMT"
"1230","MNIASDWY"
"1231","MNIASDNE"
"1232","MNIANESD"
"1233","MNIANEWY"
"1234","MNIANECO"
"1235","MNIANESD"
"1236","MNIANEMO"
"1237","MNIAMONE"
"1238","MNIAMOKS"
"1239","MNIAMOOK"
"1240","MNIAMOAR"
"1241","MNIAMOTN"
"1242","MNIAMOKY"
"1243","MNIAMOIL"
"1244","MNIAILWI"
"1245","MNIAILMO"
"1246","MNIAILKY"
"1247","MNIAILIN"
"1248","MNIAWIIL"
"1249","MNIAWIMI"
"1250","MNWIIASD"
"1251","MNWIIANE"
"1252","MNWIIAMO"
"1253","MNWIIAIL"
"1254","MNWIILIA"
"1255","MNWIILMO"
"1256","MNWIILKY"
"1257","MNWIILIN"
"1258","MNWIMIIN"
"1259","MNWIMIOH"
"1260","MOIAMNND"
"1261","MOIAMNSD"
"1262","MOIAMNWI"
"1263","MOIASDND"
"1264","MOIASDMT"
"1265","MOIASDWY"
"1266","MOIASDNE"
"1267","MOIASDMN"
"1268","MOIANESD"
"1269","MOIANEWY"
"1270","MOIANECO"
"1271","MOIANESD"
"1272","MOIAILWI"
"1273","MOIAILKY"
"1274","MOIAILIN"
"1275","MOIAWIMN"
"1276","MOIAWIIL"
"1277","MOIAWIMI"
"1278","MONESDND"
"1279","MONESDMT"
"1280","MONESDWY"
"1281","MONESDIA"
"1282","MONESDMN"
"1283","MONEWYMT"
"1284","MONEWYID"
"1285","MONEWYUT"
"1286","MONEWYCO"
"1287","MONEWYSD"
"1288","MONECOWY"
"1289","MONECOUT"
"1290","MONECONM"
"1291","MONECOOK"
"1292","MONECOKS"
"1293","MONESDND"
"1294","MONESDMT"
"1295","MONESDWY"
"1296","MONESDIA"
"1297","MONESDMN"
"1298","MONEIAMN"
"1299","MONEIASD"
"1300","MONEIAIL"
"1301","MONEIAWI"
"1302","MOKSNESD"
"1303","MOKSNEWY"
"1304","MOKSNECO"
"1305","MOKSNESD"
"1306","MOKSNEIA"
"1307","MOKSCOWY"
"1308","MOKSCOUT"
"1309","MOKSCONM"
"1310","MOKSCOOK"
"1311","MOKSCONE"
"1312","MOKSOKCO"
"1313","MOKSOKNM"
"1314","MOKSOKTX"
"1315","MOKSOKAR"
"1316","MOOKKSNE"
"1317","MOOKKSCO"
"1318","MOOKCOWY"
"1319","MOOKCOUT"
"1320","MOOKCONM"
"1321","MOOKCOKS"
"1322","MOOKCONE"
"1323","MOOKNMCO"
"1324","MOOKNMAZ"
"1325","MOOKNMTX"
"1326","MOOKTXNM"
"1327","MOOKTXLA"
"1328","MOOKTXAR"
"1329","MOOKARTX"
"1330","MOOKARLA"
"1331","MOOKARMS"
"1332","MOOKARTN"
"1333","MOAROKKS"
"1334","MOAROKCO"
"1335","MOAROKNM"
"1336","MOAROKTX"
"1337","MOARTXOK"
"1338","MOARTXNM"
"1339","MOARTXLA"
"1340","MOARLATX"
"1341","MOARLAMS"
"1342","MOARMSTN"
"1343","MOARMSLA"
"1344","MOARMSAL"
"1345","MOARTNKY"
"1346","MOARTNMS"
"1347","MOARTNAL"
"1348","MOARTNGA"
"1349","MOARTNNC"
"1350","MOARTNVA"
"1351","MOTNKYIN"
"1352","MOTNKYIL"
"1353","MOTNKYVA"
"1354","MOTNKYWV"
"1355","MOTNKYOH"
"1356","MOTNAROK"
"1357","MOTNARTX"
"1358","MOTNARLA"
"1359","MOTNARMS"
"1360","MOTNMSAR"
"1361","MOTNMSLA"
"1362","MOTNMSAL"
"1363","MOTNALMS"
"1364","MOTNALFL"
"1365","MOTNALGA"
"1366","MOTNGANC"
"1367","MOTNGAAL"
"1368","MOTNGAFL"
"1369","MOTNGASC"
"1370","MOTNNCVA"
"1371","MOTNNCGA"
"1372","MOTNNCSC"
"1373","MOTNVAMD"
"1374","MOTNVAWV"
"1375","MOTNVAKY"
"1376","MOTNVANC"
"1377","MOKYINMI"
"1378","MOKYINIL"
"1379","MOKYINOH"
"1380","MOKYILWI"
"1381","MOKYILIA"
"1382","MOKYILIN"
"1383","MOKYTNAR"
"1384","MOKYTNMS"
"1385","MOKYTNAL"
"1386","MOKYTNGA"
"1387","MOKYTNNC"
"1388","MOKYTNVA"
"1389","MOKYVAMD"
"1390","MOKYVAWV"
"1391","MOKYVATN"
"1392","MOKYVANC"
"1393","MOKYWVOH"
"1394","MOKYWVVA"
"1395","MOKYWVMD"
"1396","MOKYWVPA"
"1397","MOKYOHMI"
"1398","MOKYOHIN"
"1399","MOKYOHWV"
"1400","MOKYOHPA"
"1401","MOILWIMN"
"1402","MOILWIIA"
"1403","MOILWIMI"
"1404","MOILIAMN"
"1405","MOILIASD"
"1406","MOILIANE"
"1407","MOILIAWI"
"1408","MOILKYIN"
"1409","MOILKYTN"
"1410","MOILKYVA"
"1411","MOILKYWV"
"1412","MOILKYOH"
"1413","MOILINMI"
"1414","MOILINKY"
"1415","MOILINOH"
"1416","MSTNKYIN"
"1417","MSTNKYIL"
"1418","MSTNKYMO"
"1419","MSTNKYVA"
"1420","MSTNKYWV"
"1421","MSTNKYOH"
"1422","MSTNMOIA"
"1423","MSTNMONE"
"1424","MSTNMOKS"
"1425","MSTNMOOK"
"1426","MSTNMOAR"
"1427","MSTNMOKY"
"1428","MSTNMOIL"
"1429","MSTNARMO"
"1430","MSTNAROK"
"1431","MSTNARTX"
"1432","MSTNARLA"
"1433","MSTNALFL"
"1434","MSTNALGA"
"1435","MSTNGANC"
"1436","MSTNGAAL"
"1437","MSTNGAFL"
"1438","MSTNGASC"
"1439","MSTNNCVA"
"1440","MSTNNCGA"
"1441","MSTNNCSC"
"1442","MSTNVAMD"
"1443","MSTNVAWV"
"1444","MSTNVAKY"
"1445","MSTNVANC"
"1446","MSARMOIA"
"1447","MSARMONE"
"1448","MSARMOKS"
"1449","MSARMOOK"
"1450","MSARMOTN"
"1451","MSARMOKY"
"1452","MSARMOIL"
"1453","MSAROKKS"
"1454","MSAROKCO"
"1455","MSAROKNM"
"1456","MSAROKTX"
"1457","MSAROKMO"
"1458","MSARTXOK"
"1459","MSARTXNM"
"1460","MSARTXLA"
"1461","MSARLATX"
"1462","MSARTNKY"
"1463","MSARTNMO"
"1464","MSARTNAL"
"1465","MSARTNGA"
"1466","MSARTNNC"
"1467","MSARTNVA"
"1468","MSLAARMO"
"1469","MSLAAROK"
"1470","MSLAARTX"
"1471","MSLAARTN"
"1472","MSLATXOK"
"1473","MSLATXNM"
"1474","MSLATXAR"
"1475","MSALTNKY"
"1476","MSALTNMO"
"1477","MSALTNAR"
"1478","MSALTNGA"
"1479","MSALTNNC"
"1480","MSALTNVA"
"1481","MSALFLGA"
"1482","MSALGANC"
"1483","MSALGATN"
"1484","MSALGAFL"
"1485","MSALGASC"
"1486","MTIDWAOR"
"1487","MTIDORCA"
"1488","MTIDORNV"
"1489","MTIDORWA"
"1490","MTIDNVOR"
"1491","MTIDNVCA"
"1492","MTIDNVAZ"
"1493","MTIDNVUT"
"1494","MTIDUTNV"
"1495","MTIDUTAZ"
"1496","MTIDUTCO"
"1497","MTIDUTWY"
"1498","MTIDWYUT"
"1499","MTIDWYCO"
"1500","MTIDWYNE"
"1501","MTIDWYSD"
"1502","MTWYIDWA"
"1503","MTWYIDOR"
"1504","MTWYIDNV"
"1505","MTWYIDUT"
"1506","MTWYUTID"
"1507","MTWYUTNV"
"1508","MTWYUTAZ"
"1509","MTWYUTCO"
"1510","MTWYCOUT"
"1511","MTWYCONM"
"1512","MTWYCOOK"
"1513","MTWYCOKS"
"1514","MTWYCONE"
"1515","MTWYNESD"
"1516","MTWYNECO"
"1517","MTWYNESD"
"1518","MTWYNEMO"
"1519","MTWYNEIA"
"1520","MTWYSDND"
"1521","MTWYSDNE"
"1522","MTWYSDIA"
"1523","MTWYSDMN"
"1524","MTNDSDWY"
"1525","MTNDSDNE"
"1526","MTNDSDIA"
"1527","MTNDSDMN"
"1528","MTNDMNSD"
"1529","MTNDMNIA"
"1530","MTNDMNWI"
"1531","MTSDNDMN"
"1532","MTSDWYID"
"1533","MTSDWYUT"
"1534","MTSDWYCO"
"1535","MTSDWYNE"
"1536","MTSDNEWY"
"1537","MTSDNECO"
"1538","MTSDNEMO"
"1539","MTSDNEIA"
"1540","MTSDIAMN"
"1541","MTSDIANE"
"1542","MTSDIAMO"
"1543","MTSDIAIL"
"1544","MTSDIAWI"
"1545","MTSDMNND"
"1546","MTSDMNIA"
"1547","MTSDMNWI"
"1548","NCVAMDPA"
"1549","NCVAMDWV"
"1550","NCVAMDDE"
"1551","NCVAWVOH"
"1552","NCVAWVKY"
"1553","NCVAWVMD"
"1554","NCVAWVPA"
"1555","NCVAKYIN"
"1556","NCVAKYIL"
"1557","NCVAKYMO"
"1558","NCVAKYTN"
"1559","NCVAKYWV"
"1560","NCVAKYOH"
"1561","NCVATNKY"
"1562","NCVATNMO"
"1563","NCVATNAR"
"1564","NCVATNMS"
"1565","NCVATNAL"
"1566","NCVATNGA"
"1567","NCTNKYIN"
"1568","NCTNKYIL"
"1569","NCTNKYMO"
"1570","NCTNKYVA"
"1571","NCTNKYWV"
"1572","NCTNKYOH"
"1573","NCTNMOIA"
"1574","NCTNMONE"
"1575","NCTNMOKS"
"1576","NCTNMOOK"
"1577","NCTNMOAR"
"1578","NCTNMOKY"
"1579","NCTNMOIL"
"1580","NCTNARMO"
"1581","NCTNAROK"
"1582","NCTNARTX"
"1583","NCTNARLA"
"1584","NCTNARMS"
"1585","NCTNMSAR"
"1586","NCTNMSLA"
"1587","NCTNMSAL"
"1588","NCTNALMS"
"1589","NCTNALFL"
"1590","NCTNALGA"
"1591","NCTNGAAL"
"1592","NCTNGAFL"
"1593","NCTNGASC"
"1594","NCTNVAMD"
"1595","NCTNVAWV"
"1596","NCTNVAKY"
"1597","NCGATNKY"
"1598","NCGATNMO"
"1599","NCGATNAR"
"1600","NCGATNMS"
"1601","NCGATNAL"
"1602","NCGATNVA"
"1603","NCGAALTN"
"1604","NCGAALMS"
"1605","NCGAALFL"
"1606","NCGAFLAL"
"1607","NCSCGATN"
"1608","NCSCGAAL"
"1609","NCSCGAFL"
"1610","NDMTIDWA"
"1611","NDMTIDOR"
"1612","NDMTIDNV"
"1613","NDMTIDUT"
"1614","NDMTIDWY"
"1615","NDMTWYID"
"1616","NDMTWYUT"
"1617","NDMTWYCO"
"1618","NDMTWYNE"
"1619","NDMTWYSD"
"1620","NDMTSDWY"
"1621","NDMTSDNE"
"1622","NDMTSDIA"
"1623","NDMTSDMN"
"1624","NDSDMTID"
"1625","NDSDMTWY"
"1626","NDSDWYMT"
"1627","NDSDWYID"
"1628","NDSDWYUT"
"1629","NDSDWYCO"
"1630","NDSDWYNE"
"1631","NDSDNEWY"
"1632","NDSDNECO"
"1633","NDSDNEMO"
"1634","NDSDNEIA"
"1635","NDSDIAMN"
"1636","NDSDIANE"
"1637","NDSDIAMO"
"1638","NDSDIAIL"
"1639","NDSDIAWI"
"1640","NDSDMNIA"
"1641","NDSDMNWI"
"1642","NDMNSDMT"
"1643","NDMNSDWY"
"1644","NDMNSDNE"
"1645","NDMNSDIA"
"1646","NDMNIASD"
"1647","NDMNIANE"
"1648","NDMNIAMO"
"1649","NDMNIAIL"
"1650","NDMNIAWI"
"1651","NDMNWIIA"
"1652","NDMNWIIL"
"1653","NDMNWIMI"
"1654","NESDNDMT"
"1655","NESDNDMN"
"1656","NESDMTID"
"1657","NESDMTWY"
"1658","NESDMTND"
"1659","NESDWYMT"
"1660","NESDWYID"
"1661","NESDWYUT"
"1662","NESDWYCO"
"1663","NESDIAMN"
"1664","NESDIAMO"
"1665","NESDIAIL"
"1666","NESDIAWI"
"1667","NESDMNND"
"1668","NESDMNIA"
"1669","NESDMNWI"
"1670","NEWYMTID"
"1671","NEWYMTND"
"1672","NEWYMTSD"
"1673","NEWYIDWA"
"1674","NEWYIDOR"
"1675","NEWYIDNV"
"1676","NEWYIDUT"
"1677","NEWYIDMT"
"1678","NEWYUTID"
"1679","NEWYUTNV"
"1680","NEWYUTAZ"
"1681","NEWYUTCO"
"1682","NEWYCOUT"
"1683","NEWYCONM"
"1684","NEWYCOOK"
"1685","NEWYCOKS"
"1686","NEWYSDND"
"1687","NEWYSDMT"
"1688","NEWYSDIA"
"1689","NEWYSDMN"
"1690","NECOWYMT"
"1691","NECOWYID"
"1692","NECOWYUT"
"1693","NECOWYSD"
"1694","NECOUTID"
"1695","NECOUTNV"
"1696","NECOUTAZ"
"1697","NECOUTWY"
"1698","NECONMAZ"
"1699","NECONMTX"
"1700","NECONMOK"
"1701","NECOOKKS"
"1702","NECOOKNM"
"1703","NECOOKTX"
"1704","NECOOKAR"
"1705","NECOOKMO"
"1706","NECOKSOK"
"1707","NECOKSMO"
"1708","NESDNDMT"
"1709","NESDNDMN"
"1710","NESDMTID"
"1711","NESDMTWY"
"1712","NESDMTND"
"1713","NESDWYMT"
"1714","NESDWYID"
"1715","NESDWYUT"
"1716","NESDWYCO"
"1717","NESDIAMN"
"1718","NESDIAMO"
"1719","NESDIAIL"
"1720","NESDIAWI"
"1721","NESDMNND"
"1722","NESDMNIA"
"1723","NESDMNWI"
"1724","NEMOIAMN"
"1725","NEMOIASD"
"1726","NEMOIAIL"
"1727","NEMOIAWI"
"1728","NEMOKSCO"
"1729","NEMOKSOK"
"1730","NEMOOKKS"
"1731","NEMOOKCO"
"1732","NEMOOKNM"
"1733","NEMOOKTX"
"1734","NEMOOKAR"
"1735","NEMOAROK"
"1736","NEMOARTX"
"1737","NEMOARLA"
"1738","NEMOARMS"
"1739","NEMOARTN"
"1740","NEMOTNKY"
"1741","NEMOTNAR"
"1742","NEMOTNMS"
"1743","NEMOTNAL"
"1744","NEMOTNGA"
"1745","NEMOTNNC"
"1746","NEMOTNVA"
"1747","NEMOKYIN"
"1748","NEMOKYIL"
"1749","NEMOKYTN"
"1750","NEMOKYVA"
"1751","NEMOKYWV"
"1752","NEMOKYOH"
"1753","NEMOILWI"
"1754","NEMOILIA"
"1755","NEMOILKY"
"1756","NEMOILIN"
"1757","NEIAMNND"
"1758","NEIAMNSD"
"1759","NEIAMNWI"
"1760","NEIASDND"
"1761","NEIASDMT"
"1762","NEIASDWY"
"1763","NEIASDMN"
"1764","NEIAMOKS"
"1765","NEIAMOOK"
"1766","NEIAMOAR"
"1767","NEIAMOTN"
"1768","NEIAMOKY"
"1769","NEIAMOIL"
"1770","NEIAILWI"
"1771","NEIAILMO"
"1772","NEIAILKY"
"1773","NEIAILIN"
"1774","NEIAWIMN"
"1775","NEIAWIIL"
"1776","NEIAWIMI"
"1777","NHVTNYPA"
"1778","NHVTNYNJ"
"1779","NHVTNYCT"
"1780","NHVTNYMA"
"1781","NHVTMANY"
"1782","NHVTMACT"
"1783","NHVTMARI"
"1784","NHMAVTNY"
"1785","NHMANYPA"
"1786","NHMANYNJ"
"1787","NHMANYCT"
"1788","NHMANYVT"
"1789","NHMACTNY"
"1790","NHMACTRI"
"1791","NHMARICT"
"1792","NJNYPAOH"
"1793","NJNYPAWV"
"1794","NJNYPAMD"
"1795","NJNYPADE"
"1796","NJNYCTMA"
"1797","NJNYCTRI"
"1798","NJNYMAVT"
"1799","NJNYMACT"
"1800","NJNYMARI"
"1801","NJNYMANH"
"1802","NJNYVTMA"
"1803","NJNYVTNH"
"1804","NJPANYCT"
"1805","NJPANYMA"
"1806","NJPANYVT"
"1807","NJPAOHMI"
"1808","NJPAOHIN"
"1809","NJPAOHKY"
"1810","NJPAOHWV"
"1811","NJPAWVOH"
"1812","NJPAWVKY"
"1813","NJPAWVVA"
"1814","NJPAWVMD"
"1815","NJPAMDWV"
"1816","NJPAMDVA"
"1817","NJPAMDDE"
"1818","NJPADEMD"
"1819","NJDEMDPA"
"1820","NJDEMDWV"
"1821","NJDEMDVA"
"1822","NMCOWYMT"
"1823","NMCOWYID"
"1824","NMCOWYUT"
"1825","NMCOWYNE"
"1826","NMCOWYSD"
"1827","NMCOUTID"
"1828","NMCOUTNV"
"1829","NMCOUTAZ"
"1830","NMCOUTWY"
"1831","NMCOOKKS"
"1832","NMCOOKTX"
"1833","NMCOOKAR"
"1834","NMCOOKMO"
"1835","NMCOKSNE"
"1836","NMCOKSOK"
"1837","NMCOKSMO"
"1838","NMCONESD"
"1839","NMCONEWY"
"1840","NMCONESD"
"1841","NMCONEMO"
"1842","NMCONEIA"
"1843","NMAZUTID"
"1844","NMAZUTNV"
"1845","NMAZUTCO"
"1846","NMAZUTWY"
"1847","NMAZNVOR"
"1848","NMAZNVCA"
"1849","NMAZNVUT"
"1850","NMAZNVID"
"1851","NMAZCAOR"
"1852","NMAZCANV"
"1853","NMTXOKKS"
"1854","NMTXOKCO"
"1855","NMTXOKAR"
"1856","NMTXOKMO"
"1857","NMTXLAAR"
"1858","NMTXLAMS"
"1859","NMTXARMO"
"1860","NMTXAROK"
"1861","NMTXARLA"
"1862","NMTXARMS"
"1863","NMTXARTN"
"1864","NMOKKSNE"
"1865","NMOKKSCO"
"1866","NMOKKSMO"
"1867","NMOKCOWY"
"1868","NMOKCOUT"
"1869","NMOKCOKS"
"1870","NMOKCONE"
"1871","NMOKTXLA"
"1872","NMOKTXAR"
"1873","NMOKARMO"
"1874","NMOKARTX"
"1875","NMOKARLA"
"1876","NMOKARMS"
"1877","NMOKARTN"
"1878","NMOKMOIA"
"1879","NMOKMONE"
"1880","NMOKMOKS"
"1881","NMOKMOAR"
"1882","NMOKMOTN"
"1883","NMOKMOKY"
"1884","NMOKMOIL"
"1885","NVORIDWA"
"1886","NVORIDUT"
"1887","NVORIDMT"
"1888","NVORIDWY"
"1889","NVORCAAZ"
"1890","NVORWAID"
"1891","NVCAORID"
"1892","NVCAORWA"
"1893","NVCAAZUT"
"1894","NVCAAZNM"
"1895","NVAZUTID"
"1896","NVAZUTCO"
"1897","NVAZUTWY"
"1898","NVAZCAOR"
"1899","NVAZNMCO"
"1900","NVAZNMTX"
"1901","NVAZNMOK"
"1902","NVUTIDWA"
"1903","NVUTIDOR"
"1904","NVUTIDMT"
"1905","NVUTIDWY"
"1906","NVUTAZCA"
"1907","NVUTAZNM"
"1908","NVUTCOWY"
"1909","NVUTCONM"
"1910","NVUTCOOK"
"1911","NVUTCOKS"
"1912","NVUTCONE"
"1913","NVUTWYMT"
"1914","NVUTWYID"
"1915","NVUTWYCO"
"1916","NVUTWYNE"
"1917","NVUTWYSD"
"1918","NVIDWAOR"
"1919","NVIDORCA"
"1920","NVIDORWA"
"1921","NVIDUTAZ"
"1922","NVIDUTCO"
"1923","NVIDUTWY"
"1924","NVIDMTWY"
"1925","NVIDMTND"
"1926","NVIDMTSD"
"1927","NVIDWYMT"
"1928","NVIDWYUT"
"1929","NVIDWYCO"
"1930","NVIDWYNE"
"1931","NVIDWYSD"
"1932","NYPAOHMI"
"1933","NYPAOHIN"
"1934","NYPAOHKY"
"1935","NYPAOHWV"
"1936","NYPAWVOH"
"1937","NYPAWVKY"
"1938","NYPAWVVA"
"1939","NYPAWVMD"
"1940","NYPAMDWV"
"1941","NYPAMDVA"
"1942","NYPAMDDE"
"1943","NYPADEMD"
"1944","NYPADENJ"
"1945","NYPANJDE"
"1946","NYNJPAOH"
"1947","NYNJPAWV"
"1948","NYNJPAMD"
"1949","NYNJPADE"
"1950","NYNJDEMD"
"1951","NYCTMAVT"
"1952","NYCTMARI"
"1953","NYCTMANH"
"1954","NYCTRIMA"
"1955","NYMAVTNH"
"1956","NYMACTRI"
"1957","NYMARICT"
"1958","NYMANHVT"
"1959","NYMANHME"
"1960","NYVTMACT"
"1961","NYVTMARI"
"1962","NYVTMANH"
"1963","NYVTNHMA"
"1964","NYVTNHME"
"1965","OHMIWIMN"
"1966","OHMIWIIA"
"1967","OHMIWIIL"
"1968","OHMIINIL"
"1969","OHMIINKY"
"1970","OHINMIWI"
"1971","OHINILWI"
"1972","OHINILIA"
"1973","OHINILMO"
"1974","OHINILKY"
"1975","OHINKYIL"
"1976","OHINKYMO"
"1977","OHINKYTN"
"1978","OHINKYVA"
"1979","OHINKYWV"
"1980","OHKYINMI"
"1981","OHKYINIL"
"1982","OHKYILWI"
"1983","OHKYILIA"
"1984","OHKYILMO"
"1985","OHKYILIN"
"1986","OHKYMOIA"
"1987","OHKYMONE"
"1988","OHKYMOKS"
"1989","OHKYMOOK"
"1990","OHKYMOAR"
"1991","OHKYMOTN"
"1992","OHKYMOIL"
"1993","OHKYTNMO"
"1994","OHKYTNAR"
"1995","OHKYTNMS"
"1996","OHKYTNAL"
"1997","OHKYTNGA"
"1998","OHKYTNNC"
"1999","OHKYTNVA"
"2000","OHKYVAMD"
"2001","OHKYVAWV"
"2002","OHKYVATN"
"2003","OHKYVANC"
"2004","OHKYWVVA"
"2005","OHKYWVMD"
"2006","OHKYWVPA"
"2007","OHWVKYIN"
"2008","OHWVKYIL"
"2009","OHWVKYMO"
"2010","OHWVKYTN"
"2011","OHWVKYVA"
"2012","OHWVVAMD"
"2013","OHWVVAKY"
"2014","OHWVVATN"
"2015","OHWVVANC"
"2016","OHWVMDPA"
"2017","OHWVMDVA"
"2018","OHWVMDDE"
"2019","OHWVPANY"
"2020","OHWVPAMD"
"2021","OHWVPADE"
"2022","OHWVPANJ"
"2023","OHPANYNJ"
"2024","OHPANYCT"
"2025","OHPANYMA"
"2026","OHPANYVT"
"2027","OHPAWVKY"
"2028","OHPAWVVA"
"2029","OHPAWVMD"
"2030","OHPAMDWV"
"2031","OHPAMDVA"
"2032","OHPAMDDE"
"2033","OHPADEMD"
"2034","OHPADENJ"
"2035","OHPANJNY"
"2036","OHPANJDE"
"2037","OKKSNESD"
"2038","OKKSNEWY"
"2039","OKKSNECO"
"2040","OKKSNESD"
"2041","OKKSNEMO"
"2042","OKKSNEIA"
"2043","OKKSCOWY"
"2044","OKKSCOUT"
"2045","OKKSCONM"
"2046","OKKSCONE"
"2047","OKKSMOIA"
"2048","OKKSMONE"
"2049","OKKSMOAR"
"2050","OKKSMOTN"
"2051","OKKSMOKY"
"2052","OKKSMOIL"
"2053","OKCOWYMT"
"2054","OKCOWYID"
"2055","OKCOWYUT"
"2056","OKCOWYNE"
"2057","OKCOWYSD"
"2058","OKCOUTID"
"2059","OKCOUTNV"
"2060","OKCOUTAZ"
"2061","OKCOUTWY"
"2062","OKCONMAZ"
"2063","OKCONMTX"
"2064","OKCOKSNE"
"2065","OKCOKSMO"
"2066","OKCONESD"
"2067","OKCONEWY"
"2068","OKCONESD"
"2069","OKCONEMO"
"2070","OKCONEIA"
"2071","OKNMCOWY"
"2072","OKNMCOUT"
"2073","OKNMCOKS"
"2074","OKNMCONE"
"2075","OKNMAZUT"
"2076","OKNMAZNV"
"2077","OKNMAZCA"
"2078","OKNMTXLA"
"2079","OKNMTXAR"
"2080","OKTXNMCO"
"2081","OKTXNMAZ"
"2082","OKTXLAAR"
"2083","OKTXLAMS"
"2084","OKTXARMO"
"2085","OKTXARLA"
"2086","OKTXARMS"
"2087","OKTXARTN"
"2088","OKARMOIA"
"2089","OKARMONE"
"2090","OKARMOKS"
"2091","OKARMOTN"
"2092","OKARMOKY"
"2093","OKARMOIL"
"2094","OKARTXNM"
"2095","OKARTXLA"
"2096","OKARLATX"
"2097","OKARLAMS"
"2098","OKARMSTN"
"2099","OKARMSLA"
"2100","OKARMSAL"
"2101","OKARTNKY"
"2102","OKARTNMO"
"2103","OKARTNMS"
"2104","OKARTNAL"
"2105","OKARTNGA"
"2106","OKARTNNC"
"2107","OKARTNVA"
"2108","OKMOIAMN"
"2109","OKMOIASD"
"2110","OKMOIANE"
"2111","OKMOIAIL"
"2112","OKMOIAWI"
"2113","OKMONESD"
"2114","OKMONEWY"
"2115","OKMONECO"
"2116","OKMONESD"
"2117","OKMONEIA"
"2118","OKMOKSNE"
"2119","OKMOKSCO"
"2120","OKMOARTX"
"2121","OKMOARLA"
"2122","OKMOARMS"
"2123","OKMOARTN"
"2124","OKMOTNKY"
"2125","OKMOTNAR"
"2126","OKMOTNMS"
"2127","OKMOTNAL"
"2128","OKMOTNGA"
"2129","OKMOTNNC"
"2130","OKMOTNVA"
"2131","OKMOKYIN"
"2132","OKMOKYIL"
"2133","OKMOKYTN"
"2134","OKMOKYVA"
"2135","OKMOKYWV"
"2136","OKMOKYOH"
"2137","OKMOILWI"
"2138","OKMOILIA"
"2139","OKMOILKY"
"2140","OKMOILIN"
"2141","ORIDNVCA"
"2142","ORIDNVAZ"
"2143","ORIDNVUT"
"2144","ORIDUTNV"
"2145","ORIDUTAZ"
"2146","ORIDUTCO"
"2147","ORIDUTWY"
"2148","ORIDMTWY"
"2149","ORIDMTND"
"2150","ORIDMTSD"
"2151","ORIDWYMT"
"2152","ORIDWYUT"
"2153","ORIDWYCO"
"2154","ORIDWYNE"
"2155","ORIDWYSD"
"2156","ORCANVAZ"
"2157","ORCANVUT"
"2158","ORCANVID"
"2159","ORCAAZUT"
"2160","ORCAAZNV"
"2161","ORCAAZNM"
"2162","ORNVCAAZ"
"2163","ORNVAZUT"
"2164","ORNVAZCA"
"2165","ORNVAZNM"
"2166","ORNVUTID"
"2167","ORNVUTAZ"
"2168","ORNVUTCO"
"2169","ORNVUTWY"
"2170","ORNVIDWA"
"2171","ORNVIDUT"
"2172","ORNVIDMT"
"2173","ORNVIDWY"
"2174","ORWAIDNV"
"2175","ORWAIDUT"
"2176","ORWAIDMT"
"2177","ORWAIDWY"
"2178","PANYNJDE"
"2179","PANYCTMA"
"2180","PANYCTRI"
"2181","PANYMAVT"
"2182","PANYMACT"
"2183","PANYMARI"
"2184","PANYMANH"
"2185","PANYVTMA"
"2186","PANYVTNH"
"2187","PAOHMIWI"
"2188","PAOHMIIN"
"2189","PAOHINMI"
"2190","PAOHINIL"
"2191","PAOHINKY"
"2192","PAOHKYIN"
"2193","PAOHKYIL"
"2194","PAOHKYMO"
"2195","PAOHKYTN"
"2196","PAOHKYVA"
"2197","PAOHKYWV"
"2198","PAOHWVKY"
"2199","PAOHWVVA"
"2200","PAOHWVMD"
"2201","PAWVOHMI"
"2202","PAWVOHIN"
"2203","PAWVOHKY"
"2204","PAWVKYIN"
"2205","PAWVKYIL"
"2206","PAWVKYMO"
"2207","PAWVKYTN"
"2208","PAWVKYVA"
"2209","PAWVKYOH"
"2210","PAWVVAMD"
"2211","PAWVVAKY"
"2212","PAWVVATN"
"2213","PAWVVANC"
"2214","PAWVMDVA"
"2215","PAWVMDDE"
"2216","PAMDWVOH"
"2217","PAMDWVKY"
"2218","PAMDWVVA"
"2219","PAMDVAWV"
"2220","PAMDVAKY"
"2221","PAMDVATN"
"2222","PAMDVANC"
"2223","PAMDDENJ"
"2224","PADEMDWV"
"2225","PADEMDVA"
"2226","PADENJNY"
"2227","PANJNYCT"
"2228","PANJNYMA"
"2229","PANJNYVT"
"2230","PANJDEMD"
"2231","RICTMAVT"
"2232","RICTMANY"
"2233","RICTMANH"
"2234","RICTNYPA"
"2235","RICTNYNJ"
"2236","RICTNYMA"
"2237","RICTNYVT"
"2238","RIMAVTNY"
"2239","RIMAVTNH"
"2240","RIMANYPA"
"2241","RIMANYNJ"
"2242","RIMANYCT"
"2243","RIMANYVT"
"2244","RIMACTNY"
"2245","RIMANHVT"
"2246","RIMANHME"
"2247","SCNCVAMD"
"2248","SCNCVAWV"
"2249","SCNCVAKY"
"2250","SCNCVATN"
"2251","SCNCTNKY"
"2252","SCNCTNMO"
"2253","SCNCTNAR"
"2254","SCNCTNMS"
"2255","SCNCTNAL"
"2256","SCNCTNGA"
"2257","SCNCTNVA"
"2258","SCNCGATN"
"2259","SCNCGAAL"
"2260","SCNCGAFL"
"2261","SCGANCVA"
"2262","SCGANCTN"
"2263","SCGATNKY"
"2264","SCGATNMO"
"2265","SCGATNAR"
"2266","SCGATNMS"
"2267","SCGATNAL"
"2268","SCGATNNC"
"2269","SCGATNVA"
"2270","SCGAALTN"
"2271","SCGAALMS"
"2272","SCGAALFL"
"2273","SCGAFLAL"
"2274","SDNDMTID"
"2275","SDNDMTWY"
"2276","SDNDMNIA"
"2277","SDNDMNWI"
"2278","SDMTIDWA"
"2279","SDMTIDOR"
"2280","SDMTIDNV"
"2281","SDMTIDUT"
"2282","SDMTIDWY"
"2283","SDMTWYID"
"2284","SDMTWYUT"
"2285","SDMTWYCO"
"2286","SDMTWYNE"
"2287","SDMTNDMN"
"2288","SDWYMTID"
"2289","SDWYMTND"
"2290","SDWYIDWA"
"2291","SDWYIDOR"
"2292","SDWYIDNV"
"2293","SDWYIDUT"
"2294","SDWYIDMT"
"2295","SDWYUTID"
"2296","SDWYUTNV"
"2297","SDWYUTAZ"
"2298","SDWYUTCO"
"2299","SDWYCOUT"
"2300","SDWYCONM"
"2301","SDWYCOOK"
"2302","SDWYCOKS"
"2303","SDWYCONE"
"2304","SDWYNECO"
"2305","SDWYNEMO"
"2306","SDWYNEIA"
"2307","SDNEWYMT"
"2308","SDNEWYID"
"2309","SDNEWYUT"
"2310","SDNEWYCO"
"2311","SDNECOWY"
"2312","SDNECOUT"
"2313","SDNECONM"
"2314","SDNECOOK"
"2315","SDNECOKS"
"2316","SDNEMOIA"
"2317","SDNEMOKS"
"2318","SDNEMOOK"
"2319","SDNEMOAR"
"2320","SDNEMOTN"
"2321","SDNEMOKY"
"2322","SDNEMOIL"
"2323","SDNEIAMN"
"2324","SDNEIAMO"
"2325","SDNEIAIL"
"2326","SDNEIAWI"
"2327","SDIAMNND"
"2328","SDIAMNWI"
"2329","SDIANEWY"
"2330","SDIANECO"
"2331","SDIANEMO"
"2332","SDIAMONE"
"2333","SDIAMOKS"
"2334","SDIAMOOK"
"2335","SDIAMOAR"
"2336","SDIAMOTN"
"2337","SDIAMOKY"
"2338","SDIAMOIL"
"2339","SDIAILWI"
"2340","SDIAILMO"
"2341","SDIAILKY"
"2342","SDIAILIN"
"2343","SDIAWIMN"
"2344","SDIAWIIL"
"2345","SDIAWIMI"
"2346","SDMNNDMT"
"2347","SDMNIANE"
"2348","SDMNIAMO"
"2349","SDMNIAIL"
"2350","SDMNIAWI"
"2351","SDMNWIIA"
"2352","SDMNWIIL"
"2353","SDMNWIMI"
"2354","TNKYINMI"
"2355","TNKYINIL"
"2356","TNKYINOH"
"2357","TNKYILWI"
"2358","TNKYILIA"
"2359","TNKYILMO"
"2360","TNKYILIN"
"2361","TNKYMOIA"
"2362","TNKYMONE"
"2363","TNKYMOKS"
"2364","TNKYMOOK"
"2365","TNKYMOAR"
"2366","TNKYMOIL"
"2367","TNKYVAMD"
"2368","TNKYVAWV"
"2369","TNKYVANC"
"2370","TNKYWVOH"
"2371","TNKYWVVA"
"2372","TNKYWVMD"
"2373","TNKYWVPA"
"2374","TNKYOHMI"
"2375","TNKYOHIN"
"2376","TNKYOHWV"
"2377","TNKYOHPA"
"2378","TNMOIAMN"
"2379","TNMOIASD"
"2380","TNMOIANE"
"2381","TNMOIAIL"
"2382","TNMOIAWI"
"2383","TNMONESD"
"2384","TNMONEWY"
"2385","TNMONECO"
"2386","TNMONESD"
"2387","TNMONEIA"
"2388","TNMOKSNE"
"2389","TNMOKSCO"
"2390","TNMOKSOK"
"2391","TNMOOKKS"
"2392","TNMOOKCO"
"2393","TNMOOKNM"
"2394","TNMOOKTX"
"2395","TNMOOKAR"
"2396","TNMOAROK"
"2397","TNMOARTX"
"2398","TNMOARLA"
"2399","TNMOARMS"
"2400","TNMOKYIN"
"2401","TNMOKYIL"
"2402","TNMOKYVA"
"2403","TNMOKYWV"
"2404","TNMOKYOH"
"2405","TNMOILWI"
"2406","TNMOILIA"
"2407","TNMOILKY"
"2408","TNMOILIN"
"2409","TNARMOIA"
"2410","TNARMONE"
"2411","TNARMOKS"
"2412","TNARMOOK"
"2413","TNARMOKY"
"2414","TNARMOIL"
"2415","TNAROKKS"
"2416","TNAROKCO"
"2417","TNAROKNM"
"2418","TNAROKTX"
"2419","TNAROKMO"
"2420","TNARTXOK"
"2421","TNARTXNM"
"2422","TNARTXLA"
"2423","TNARLATX"
"2424","TNARLAMS"
"2425","TNARMSLA"
"2426","TNARMSAL"
"2427","TNMSARMO"
"2428","TNMSAROK"
"2429","TNMSARTX"
"2430","TNMSARLA"
"2431","TNMSLAAR"
"2432","TNMSLATX"
"2433","TNMSALFL"
"2434","TNMSALGA"
"2435","TNALMSAR"
"2436","TNALMSLA"
"2437","TNALFLGA"
"2438","TNALGANC"
"2439","TNALGAFL"
"2440","TNALGASC"
"2441","TNGANCVA"
"2442","TNGANCSC"
"2443","TNGAALMS"
"2444","TNGAALFL"
"2445","TNGAFLAL"
"2446","TNGASCNC"
"2447","TNNCVAMD"
"2448","TNNCVAWV"
"2449","TNNCVAKY"
"2450","TNNCGAAL"
"2451","TNNCGAFL"
"2452","TNNCGASC"
"2453","TNNCSCGA"
"2454","TNVAMDPA"
"2455","TNVAMDWV"
"2456","TNVAMDDE"
"2457","TNVAWVOH"
"2458","TNVAWVKY"
"2459","TNVAWVMD"
"2460","TNVAWVPA"
"2461","TNVAKYIN"
"2462","TNVAKYIL"
"2463","TNVAKYMO"
"2464","TNVAKYWV"
"2465","TNVAKYOH"
"2466","TNVANCGA"
"2467","TNVANCSC"
"2468","TXOKKSNE"
"2469","TXOKKSCO"
"2470","TXOKKSMO"
"2471","TXOKCOWY"
"2472","TXOKCOUT"
"2473","TXOKCONM"
"2474","TXOKCOKS"
"2475","TXOKCONE"
"2476","TXOKNMCO"
"2477","TXOKNMAZ"
"2478","TXOKARMO"
"2479","TXOKARLA"
"2480","TXOKARMS"
"2481","TXOKARTN"
"2482","TXOKMOIA"
"2483","TXOKMONE"
"2484","TXOKMOKS"
"2485","TXOKMOAR"
"2486","TXOKMOTN"
"2487","TXOKMOKY"
"2488","TXOKMOIL"
"2489","TXNMCOWY"
"2490","TXNMCOUT"
"2491","TXNMCOOK"
"2492","TXNMCOKS"
"2493","TXNMCONE"
"2494","TXNMAZUT"
"2495","TXNMAZNV"
"2496","TXNMAZCA"
"2497","TXNMOKKS"
"2498","TXNMOKCO"
"2499","TXNMOKAR"
"2500","TXNMOKMO"
"2501","TXLAARMO"
"2502","TXLAAROK"
"2503","TXLAARMS"
"2504","TXLAARTN"
"2505","TXLAMSTN"
"2506","TXLAMSAR"
"2507","TXLAMSAL"
"2508","TXARMOIA"
"2509","TXARMONE"
"2510","TXARMOKS"
"2511","TXARMOOK"
"2512","TXARMOTN"
"2513","TXARMOKY"
"2514","TXARMOIL"
"2515","TXAROKKS"
"2516","TXAROKCO"
"2517","TXAROKNM"
"2518","TXAROKMO"
"2519","TXARLAMS"
"2520","TXARMSTN"
"2521","TXARMSLA"
"2522","TXARMSAL"
"2523","TXARTNKY"
"2524","TXARTNMO"
"2525","TXARTNMS"
"2526","TXARTNAL"
"2527","TXARTNGA"
"2528","TXARTNNC"
"2529","TXARTNVA"
"2530","UTIDWAOR"
"2531","UTIDORCA"
"2532","UTIDORNV"
"2533","UTIDORWA"
"2534","UTIDNVOR"
"2535","UTIDNVCA"
"2536","UTIDNVAZ"
"2537","UTIDMTWY"
"2538","UTIDMTND"
"2539","UTIDMTSD"
"2540","UTIDWYMT"
"2541","UTIDWYCO"
"2542","UTIDWYNE"
"2543","UTIDWYSD"
"2544","UTNVORID"
"2545","UTNVORCA"
"2546","UTNVORWA"
"2547","UTNVCAOR"
"2548","UTNVCAAZ"
"2549","UTNVAZCA"
"2550","UTNVAZNM"
"2551","UTNVIDWA"
"2552","UTNVIDOR"
"2553","UTNVIDMT"
"2554","UTNVIDWY"
"2555","UTAZNVOR"
"2556","UTAZNVCA"
"2557","UTAZNVID"
"2558","UTAZCAOR"
"2559","UTAZCANV"
"2560","UTAZNMCO"
"2561","UTAZNMTX"
"2562","UTAZNMOK"
"2563","UTCOWYMT"
"2564","UTCOWYID"
"2565","UTCOWYNE"
"2566","UTCOWYSD"
"2567","UTCONMAZ"
"2568","UTCONMTX"
"2569","UTCONMOK"
"2570","UTCOOKKS"
"2571","UTCOOKNM"
"2572","UTCOOKTX"
"2573","UTCOOKAR"
"2574","UTCOOKMO"
"2575","UTCOKSNE"
"2576","UTCOKSOK"
"2577","UTCOKSMO"
"2578","UTCONESD"
"2579","UTCONEWY"
"2580","UTCONESD"
"2581","UTCONEMO"
"2582","UTCONEIA"
"2583","UTWYMTID"
"2584","UTWYMTND"
"2585","UTWYMTSD"
"2586","UTWYIDWA"
"2587","UTWYIDOR"
"2588","UTWYIDNV"
"2589","UTWYIDMT"
"2590","UTWYCONM"
"2591","UTWYCOOK"
"2592","UTWYCOKS"
"2593","UTWYCONE"
"2594","UTWYNESD"
"2595","UTWYNECO"
"2596","UTWYNESD"
"2597","UTWYNEMO"
"2598","UTWYNEIA"
"2599","UTWYSDND"
"2600","UTWYSDMT"
"2601","UTWYSDNE"
"2602","UTWYSDIA"
"2603","UTWYSDMN"
"2604","VAMDPANY"
"2605","VAMDPAOH"
"2606","VAMDPAWV"
"2607","VAMDPADE"
"2608","VAMDPANJ"
"2609","VAMDWVOH"
"2610","VAMDWVKY"
"2611","VAMDWVPA"
"2612","VAMDDENJ"
"2613","VAWVOHMI"
"2614","VAWVOHIN"
"2615","VAWVOHKY"
"2616","VAWVOHPA"
"2617","VAWVKYIN"
"2618","VAWVKYIL"
"2619","VAWVKYMO"
"2620","VAWVKYTN"
"2621","VAWVKYOH"
"2622","VAWVMDPA"
"2623","VAWVMDDE"
"2624","VAWVPANY"
"2625","VAWVPAOH"
"2626","VAWVPAMD"
"2627","VAWVPADE"
"2628","VAWVPANJ"
"2629","VAKYINMI"
"2630","VAKYINIL"
"2631","VAKYINOH"
"2632","VAKYILWI"
"2633","VAKYILIA"
"2634","VAKYILMO"
"2635","VAKYILIN"
"2636","VAKYMOIA"
"2637","VAKYMONE"
"2638","VAKYMOKS"
"2639","VAKYMOOK"
"2640","VAKYMOAR"
"2641","VAKYMOTN"
"2642","VAKYMOIL"
"2643","VAKYTNMO"
"2644","VAKYTNAR"
"2645","VAKYTNMS"
"2646","VAKYTNAL"
"2647","VAKYTNGA"
"2648","VAKYTNNC"
"2649","VAKYWVOH"
"2650","VAKYWVMD"
"2651","VAKYWVPA"
"2652","VAKYOHMI"
"2653","VAKYOHIN"
"2654","VAKYOHWV"
"2655","VAKYOHPA"
"2656","VATNKYIN"
"2657","VATNKYIL"
"2658","VATNKYMO"
"2659","VATNKYWV"
"2660","VATNKYOH"
"2661","VATNMOIA"
"2662","VATNMONE"
"2663","VATNMOKS"
"2664","VATNMOOK"
"2665","VATNMOAR"
"2666","VATNMOKY"
"2667","VATNMOIL"
"2668","VATNARMO"
"2669","VATNAROK"
"2670","VATNARTX"
"2671","VATNARLA"
"2672","VATNARMS"
"2673","VATNMSAR"
"2674","VATNMSLA"
"2675","VATNMSAL"
"2676","VATNALMS"
"2677","VATNALFL"
"2678","VATNALGA"
"2679","VATNGANC"
"2680","VATNGAAL"
"2681","VATNGAFL"
"2682","VATNGASC"
"2683","VATNNCGA"
"2684","VATNNCSC"
"2685","VANCTNKY"
"2686","VANCTNMO"
"2687","VANCTNAR"
"2688","VANCTNMS"
"2689","VANCTNAL"
"2690","VANCTNGA"
"2691","VANCGATN"
"2692","VANCGAAL"
"2693","VANCGAFL"
"2694","VANCGASC"
"2695","VANCSCGA"
"2696","VTNYPAOH"
"2697","VTNYPAWV"
"2698","VTNYPAMD"
"2699","VTNYPADE"
"2700","VTNYPANJ"
"2701","VTNYNJPA"
"2702","VTNYNJDE"
"2703","VTNYCTMA"
"2704","VTNYCTRI"
"2705","VTNYMACT"
"2706","VTNYMARI"
"2707","VTNYMANH"
"2708","VTMANYPA"
"2709","VTMANYNJ"
"2710","VTMANYCT"
"2711","VTMACTNY"
"2712","VTMACTRI"
"2713","VTMARICT"
"2714","VTMANHME"
"2715","VTNHMANY"
"2716","VTNHMACT"
"2717","VTNHMARI"
"2718","WAIDORCA"
"2719","WAIDORNV"
"2720","WAIDNVOR"
"2721","WAIDNVCA"
"2722","WAIDNVAZ"
"2723","WAIDNVUT"
"2724","WAIDUTNV"
"2725","WAIDUTAZ"
"2726","WAIDUTCO"
"2727","WAIDUTWY"
"2728","WAIDMTWY"
"2729","WAIDMTND"
"2730","WAIDMTSD"
"2731","WAIDWYMT"
"2732","WAIDWYUT"
"2733","WAIDWYCO"
"2734","WAIDWYNE"
"2735","WAIDWYSD"
"2736","WAORIDNV"
"2737","WAORIDUT"
"2738","WAORIDMT"
"2739","WAORIDWY"
"2740","WAORCANV"
"2741","WAORCAAZ"
"2742","WAORNVCA"
"2743","WAORNVAZ"
"2744","WAORNVUT"
"2745","WAORNVID"
"2746","WIMNNDMT"
"2747","WIMNNDSD"
"2748","WIMNSDND"
"2749","WIMNSDMT"
"2750","WIMNSDWY"
"2751","WIMNSDNE"
"2752","WIMNSDIA"
"2753","WIMNIASD"
"2754","WIMNIANE"
"2755","WIMNIAMO"
"2756","WIMNIAIL"
"2757","WIIAMNND"
"2758","WIIAMNSD"
"2759","WIIASDND"
"2760","WIIASDMT"
"2761","WIIASDWY"
"2762","WIIASDNE"
"2763","WIIASDMN"
"2764","WIIANESD"
"2765","WIIANEWY"
"2766","WIIANECO"
"2767","WIIANESD"
"2768","WIIANEMO"
"2769","WIIAMONE"
"2770","WIIAMOKS"
"2771","WIIAMOOK"
"2772","WIIAMOAR"
"2773","WIIAMOTN"
"2774","WIIAMOKY"
"2775","WIIAMOIL"
"2776","WIIAILMO"
"2777","WIIAILKY"
"2778","WIIAILIN"
"2779","WIILIAMN"
"2780","WIILIASD"
"2781","WIILIANE"
"2782","WIILIAMO"
"2783","WIILMOIA"
"2784","WIILMONE"
"2785","WIILMOKS"
"2786","WIILMOOK"
"2787","WIILMOAR"
"2788","WIILMOTN"
"2789","WIILMOKY"
"2790","WIILKYIN"
"2791","WIILKYMO"
"2792","WIILKYTN"
"2793","WIILKYVA"
"2794","WIILKYWV"
"2795","WIILKYOH"
"2796","WIILINMI"
"2797","WIILINKY"
"2798","WIILINOH"
"2799","WIMIINIL"
"2800","WIMIINKY"
"2801","WIMIINOH"
"2802","WIMIOHIN"
"2803","WIMIOHKY"
"2804","WIMIOHWV"
"2805","WIMIOHPA"
"2806","WVOHMIWI"
"2807","WVOHMIIN"
"2808","WVOHINMI"
"2809","WVOHINIL"
"2810","WVOHINKY"
"2811","WVOHKYIN"
"2812","WVOHKYIL"
"2813","WVOHKYMO"
"2814","WVOHKYTN"
"2815","WVOHKYVA"
"2816","WVOHPANY"
"2817","WVOHPAMD"
"2818","WVOHPADE"
"2819","WVOHPANJ"
"2820","WVKYINMI"
"2821","WVKYINIL"
"2822","WVKYINOH"
"2823","WVKYILWI"
"2824","WVKYILIA"
"2825","WVKYILMO"
"2826","WVKYILIN"
"2827","WVKYMOIA"
"2828","WVKYMONE"
"2829","WVKYMOKS"
"2830","WVKYMOOK"
"2831","WVKYMOAR"
"2832","WVKYMOTN"
"2833","WVKYMOIL"
"2834","WVKYTNMO"
"2835","WVKYTNAR"
"2836","WVKYTNMS"
"2837","WVKYTNAL"
"2838","WVKYTNGA"
"2839","WVKYTNNC"
"2840","WVKYTNVA"
"2841","WVKYVAMD"
"2842","WVKYVATN"
"2843","WVKYVANC"
"2844","WVKYOHMI"
"2845","WVKYOHIN"
"2846","WVKYOHPA"
"2847","WVVAMDPA"
"2848","WVVAMDDE"
"2849","WVVAKYIN"
"2850","WVVAKYIL"
"2851","WVVAKYMO"
"2852","WVVAKYTN"
"2853","WVVAKYOH"
"2854","WVVATNKY"
"2855","WVVATNMO"
"2856","WVVATNAR"
"2857","WVVATNMS"
"2858","WVVATNAL"
"2859","WVVATNGA"
"2860","WVVATNNC"
"2861","WVVANCTN"
"2862","WVVANCGA"
"2863","WVVANCSC"
"2864","WVMDPANY"
"2865","WVMDPAOH"
"2866","WVMDPADE"
"2867","WVMDPANJ"
"2868","WVMDVAKY"
"2869","WVMDVATN"
"2870","WVMDVANC"
"2871","WVMDDENJ"
"2872","WVPANYNJ"
"2873","WVPANYCT"
"2874","WVPANYMA"
"2875","WVPANYVT"
"2876","WVPAOHMI"
"2877","WVPAOHIN"
"2878","WVPAOHKY"
"2879","WVPAMDVA"
"2880","WVPAMDDE"
"2881","WVPADEMD"
"2882","WVPADENJ"
"2883","WVPANJNY"
"2884","WVPANJDE"
"2885","WYMTIDWA"
"2886","WYMTIDOR"
"2887","WYMTIDNV"
"2888","WYMTIDUT"
"2889","WYMTNDSD"
"2890","WYMTNDMN"
"2891","WYMTSDND"
"2892","WYMTSDNE"
"2893","WYMTSDIA"
"2894","WYMTSDMN"
"2895","WYIDWAOR"
"2896","WYIDORCA"
"2897","WYIDORNV"
"2898","WYIDORWA"
"2899","WYIDNVOR"
"2900","WYIDNVCA"
"2901","WYIDNVAZ"
"2902","WYIDNVUT"
"2903","WYIDUTNV"
"2904","WYIDUTAZ"
"2905","WYIDUTCO"
"2906","WYIDMTND"
"2907","WYIDMTSD"
"2908","WYUTIDWA"
"2909","WYUTIDOR"
"2910","WYUTIDNV"
"2911","WYUTIDMT"
"2912","WYUTNVOR"
"2913","WYUTNVCA"
"2914","WYUTNVAZ"
"2915","WYUTNVID"
"2916","WYUTAZNV"
"2917","WYUTAZCA"
"2918","WYUTAZNM"
"2919","WYUTCONM"
"2920","WYUTCOOK"
"2921","WYUTCOKS"
"2922","WYUTCONE"
"2923","WYCOUTID"
"2924","WYCOUTNV"
"2925","WYCOUTAZ"
"2926","WYCONMAZ"
"2927","WYCONMTX"
"2928","WYCONMOK"
"2929","WYCOOKKS"
"2930","WYCOOKNM"
"2931","WYCOOKTX"
"2932","WYCOOKAR"
"2933","WYCOOKMO"
"2934","WYCOKSNE"
"2935","WYCOKSOK"
"2936","WYCOKSMO"
"2937","WYCONESD"
"2938","WYCONESD"
"2939","WYCONEMO"
"2940","WYCONEIA"
"2941","WYNESDND"
"2942","WYNESDMT"
"2943","WYNESDIA"
"2944","WYNESDMN"
"2945","WYNECOUT"
"2946","WYNECONM"
"2947","WYNECOOK"
"2948","WYNECOKS"
"2949","WYNESDND"
"2950","WYNESDMT"
"2951","WYNESDIA"
"2952","WYNESDMN"
"2953","WYNEMOIA"
"2954","WYNEMOKS"
"2955","WYNEMOOK"
"2956","WYNEMOAR"
"2957","WYNEMOTN"
"2958","WYNEMOKY"
"2959","WYNEMOIL"
"2960","WYNEIAMN"
"2961","WYNEIASD"
"2962","WYNEIAMO"
"2963","WYNEIAIL"
"2964","WYNEIAWI"
"2965","WYSDNDMT"
"2966","WYSDNDMN"
"2967","WYSDMTID"
"2968","WYSDMTND"
"2969","WYSDNECO"
"2970","WYSDNEMO"
"2971","WYSDNEIA"
"2972","WYSDIAMN"
"2973","WYSDIANE"
"2974","WYSDIAMO"
"2975","WYSDIAIL"
"2976","WYSDIAWI"
"2977","WYSDMNND"
"2978","WYSDMNIA"
"2979","WYSDMNWI"
