,st_string,word,
1,altnmone,nonmetal,"('altnmone','nonmetal'),"
2,altnmoar,matronal,"('altnmoar','matronal'),"
3,altnarmo,matronal,"('altnarmo','matronal'),"
4,altnmsla,stallman,"('altnmsla','stallman'),"
5,algatnva,galavant,"('algatnva','galavant'),"
6,armoiasd,dioramas,"('armoiasd','dioramas'),"
7,armonesd,madrones,"('armonesd','madrones'),"
8,armonesd,ransomed,"('armonesd','ransomed'),"
9,armonesd,roadsmen,"('armonesd','roadsmen'),"
10,armoneco,coenamor,"('armoneco','coenamor'),"
11,armonesd,madrones,"('armonesd','madrones'),"
12,armonesd,ransomed,"('armonesd','ransomed'),"
13,armonesd,roadsmen,"('armonesd','roadsmen'),"
14,armooknm,monomark,"('armooknm','monomark'),"
15,armotnal,matronal,"('armotnal','matronal'),"
16,armotnga,martagon,"('armotnga','martagon'),"
17,armstnga,tangrams,"('armstnga','tangrams'),"
18,armstnga,trangams,"('armstnga','trangams'),"
19,artnmoia,animator,"('artnmoia','animator'),"
20,artnmoia,montaria,"('artnmoia','montaria'),"
21,artnmoia,tamanoir,"('artnmoia','tamanoir'),"
22,artnmone,ornament,"('artnmone','ornament'),"
23,artnmoil,torminal,"('artnmoil','torminal'),"
24,artngafl,flagrant,"('artngafl','flagrant'),"
25,coksmoia,oomiacks,"('coksmoia','oomiacks'),"
26,conesdia,codeinas,"('conesdia','codeinas'),"
27,conesdia,diocesan,"('conesdia','diocesan'),"
28,conesdia,oceanids,"('conesdia','oceanids'),"
29,conesdmn,condemns,"('conesdmn','condemns'),"
30,conesdia,codeinas,"('conesdia','codeinas'),"
31,conesdia,diocesan,"('conesdia','diocesan'),"
32,conesdia,oceanids,"('conesdia','oceanids'),"
33,conesdmn,condemns,"('conesdmn','condemns'),"
34,conemoar,coenamor,"('conemoar','coenamor'),"
35,coneiamn,monecian,"('coneiamn','monecian'),"
36,coneiasd,codeinas,"('coneiasd','codeinas'),"
37,coneiasd,diocesan,"('coneiasd','diocesan'),"
38,coneiasd,oceanids,"('coneiasd','oceanids'),"
39,flgatnar,flagrant,"('flgatnar','flagrant'),"
40,gatnkyil,takingly,"('gatnkyil','takingly'),"
41,gatnmone,magneton,"('gatnmone','magneton'),"
42,gatnmoar,martagon,"('gatnmoar','martagon'),"
43,gatnarmo,martagon,"('gatnarmo','martagon'),"
44,gatnarms,tangrams,"('gatnarms','tangrams'),"
45,gatnarms,trangams,"('gatnarms','trangams'),"
46,gatnmsar,tangrams,"('gatnmsar','tangrams'),"
47,gatnmsar,trangams,"('gatnmsar','trangams'),"
48,gaaltnva,galavant,"('gaaltnva','galavant'),"
49,iasdneco,codeinas,"('iasdneco','codeinas'),"
50,iasdneco,diocesan,"('iasdneco','diocesan'),"
51,iasdneco,oceanids,"('iasdneco','oceanids'),"
52,iasdnemo,amidones,"('iasdnemo','amidones'),"
53,iasdnemo,daimones,"('iasdnemo','daimones'),"
54,iasdnemo,nomadies,"('iasdnemo','nomadies'),"
55,iasdnemo,nomadise,"('iasdnemo','nomadise'),"
56,ianesdmt,mediants,"('ianesdmt','mediants'),"
57,ianesdmt,tidesman,"('ianesdmt','tidesman'),"
58,ianeconm,monecian,"('ianeconm','monecian'),"
59,ianesdmt,mediants,"('ianesdmt','mediants'),"
60,ianesdmt,tidesman,"('ianesdmt','tidesman'),"
61,ianemotn,antinome,"('ianemotn','antinome'),"
62,ianemotn,nominate,"('ianemotn','nominate'),"
63,iamonesd,amidones,"('iamonesd','amidones'),"
64,iamonesd,daimones,"('iamonesd','daimones'),"
65,iamonesd,nomadies,"('iamonesd','nomadies'),"
66,iamonesd,nomadise,"('iamonesd','nomadise'),"
67,iamonesd,amidones,"('iamonesd','amidones'),"
68,iamonesd,daimones,"('iamonesd','daimones'),"
69,iamonesd,nomadies,"('iamonesd','nomadies'),"
70,iamonesd,nomadise,"('iamonesd','nomadise'),"
71,iamoksco,oomiacks,"('iamoksco','oomiacks'),"
72,iamooknm,makimono,"('iamooknm','makimono'),"
73,iamoartn,animator,"('iamoartn','animator'),"
74,iamoartn,montaria,"('iamoartn','montaria'),"
75,iamoartn,tamanoir,"('iamoartn','tamanoir'),"
76,iamotnar,animator,"('iamotnar','animator'),"
77,iamotnar,montaria,"('iamotnar','montaria'),"
78,iamotnar,tamanoir,"('iamotnar','tamanoir'),"
79,iailmotn,limation,"('iailmotn','limation'),"
80,iailmotn,miltonia,"('iailmotn','miltonia'),"
81,idutcone,eduction,"('idutcone','eduction'),"
82,iliamotn,limation,"('iliamotn','limation'),"
83,iliamotn,miltonia,"('iliamotn','miltonia'),"
84,ilmoksne,moleskin,"('ilmoksne','moleskin'),"
85,ilmoarms,moralism,"('ilmoarms','moralism'),"
86,ilmoartn,torminal,"('ilmoartn','torminal'),"
87,ilmotnar,torminal,"('ilmotnar','torminal'),"
88,ilkytnga,takingly,"('ilkytnga','takingly'),"
89,inohpade,diaphone,"('inohpade','diaphone'),"
90,ksnecout,unsocket,"('ksnecout','unsocket'),"
91,ksnemoil,moleskin,"('ksnemoil','moleskin'),"
92,laarmotn,matronal,"('laarmotn','matronal'),"
93,laartnmo,matronal,"('laartnmo','matronal'),"
94,lamstnal,stallman,"('lamstnal','stallman'),"
95,lamsaltn,stallman,"('lamsaltn','stallman'),"
96,mnsdneco,condemns,"('mnsdneco','condemns'),"
97,mnsdiamo,monadism,"('mnsdiamo','monadism'),"
98,mnsdiamo,nomadism,"('mnsdiamo','nomadism'),"
99,mnianeco,monecian,"('mnianeco','monecian'),"
100,mniamook,makimono,"('mniamook','makimono'),"
101,moiamnsd,monadism,"('moiamnsd','monadism'),"
102,moiamnsd,nomadism,"('moiamnsd','nomadism'),"
103,moiasdnd,diamonds,"('moiasdnd','diamonds'),"
104,moiasdmt,amidmost,"('moiasdmt','amidmost'),"
105,moiasdne,amidones,"('moiasdne','amidones'),"
106,moiasdne,daimones,"('moiasdne','daimones'),"
107,moiasdne,nomadies,"('moiasdne','nomadies'),"
108,moiasdne,nomadise,"('moiasdne','nomadise'),"
109,moiasdmn,monadism,"('moiasdmn','monadism'),"
110,moiasdmn,nomadism,"('moiasdmn','nomadism'),"
111,moianesd,amidones,"('moianesd','amidones'),"
112,moianesd,daimones,"('moianesd','daimones'),"
113,moianesd,nomadies,"('moianesd','nomadies'),"
114,moianesd,nomadise,"('moianesd','nomadise'),"
115,moianesd,amidones,"('moianesd','amidones'),"
116,moianesd,daimones,"('moianesd','daimones'),"
117,moianesd,nomadies,"('moianesd','nomadies'),"
118,moianesd,nomadise,"('moianesd','nomadise'),"
119,monesdia,amidones,"('monesdia','amidones'),"
120,monesdia,daimones,"('monesdia','daimones'),"
121,monesdia,nomadies,"('monesdia','nomadies'),"
122,monesdia,nomadise,"('monesdia','nomadise'),"
123,monesdia,amidones,"('monesdia','amidones'),"
124,monesdia,daimones,"('monesdia','daimones'),"
125,monesdia,nomadies,"('monesdia','nomadies'),"
126,monesdia,nomadise,"('monesdia','nomadise'),"
127,moneiasd,amidones,"('moneiasd','amidones'),"
128,moneiasd,daimones,"('moneiasd','daimones'),"
129,moneiasd,nomadies,"('moneiasd','nomadies'),"
130,moneiasd,nomadise,"('moneiasd','nomadise'),"
131,moaroknm,monomark,"('moaroknm','monomark'),"
132,moartnal,matronal,"('moartnal','matronal'),"
133,moartnga,martagon,"('moartnga','martagon'),"
134,motnarla,matronal,"('motnarla','matronal'),"
135,msarmoil,moralism,"('msarmoil','moralism'),"
136,msartnga,tangrams,"('msartnga','tangrams'),"
137,msartnga,trangams,"('msartnga','trangams'),"
138,mtsdneia,mediants,"('mtsdneia','mediants'),"
139,mtsdneia,tidesman,"('mtsdneia','tidesman'),"
140,mtsdiane,mediants,"('mtsdiane','mediants'),"
141,mtsdiane,tidesman,"('mtsdiane','tidesman'),"
142,mtsdiamo,amidmost,"('mtsdiamo','amidmost'),"
143,ndsdiamo,diamonds,"('ndsdiamo','diamonds'),"
144,nesdiamo,amidones,"('nesdiamo','amidones'),"
145,nesdiamo,daimones,"('nesdiamo','daimones'),"
146,nesdiamo,nomadies,"('nesdiamo','nomadies'),"
147,nesdiamo,nomadise,"('nesdiamo','nomadise'),"
148,necoutid,eduction,"('necoutid','eduction'),"
149,nesdiamo,amidones,"('nesdiamo','amidones'),"
150,nesdiamo,daimones,"('nesdiamo','daimones'),"
151,nesdiamo,nomadies,"('nesdiamo','nomadies'),"
152,nesdiamo,nomadise,"('nesdiamo','nomadise'),"
153,nemoiasd,amidones,"('nemoiasd','amidones'),"
154,nemoiasd,daimones,"('nemoiasd','daimones'),"
155,nemoiasd,nomadies,"('nemoiasd','nomadies'),"
156,nemoiasd,nomadise,"('nemoiasd','nomadise'),"
157,nemoartn,ornament,"('nemoartn','ornament'),"
158,nemotnar,ornament,"('nemotnar','ornament'),"
159,nemotnal,nonmetal,"('nemotnal','nonmetal'),"
160,nemotnga,magneton,"('nemotnga','magneton'),"
161,neiasdmt,mediants,"('neiasdmt','mediants'),"
162,neiasdmt,tidesman,"('neiasdmt','tidesman'),"
163,neiamotn,antinome,"('neiamotn','antinome'),"
164,neiamotn,nominate,"('neiamotn','nominate'),"
165,nmconesd,condemns,"('nmconesd','condemns'),"
166,nmconesd,condemns,"('nmconesd','condemns'),"
167,nmconeia,monecian,"('nmconeia','monecian'),"
168,nmokarmo,monomark,"('nmokarmo','monomark'),"
169,nmokmoia,makimono,"('nmokmoia','makimono'),"
170,nmokmoar,monomark,"('nmokmoar','monomark'),"
171,okmoiamn,makimono,"('okmoiamn','makimono'),"
172,sdnecout,contused,"('sdnecout','contused'),"
173,sdneconm,condemns,"('sdneconm','condemns'),"
174,sdnemoia,amidones,"('sdnemoia','amidones'),"
175,sdnemoia,daimones,"('sdnemoia','daimones'),"
176,sdnemoia,nomadies,"('sdnemoia','nomadies'),"
177,sdnemoia,nomadise,"('sdnemoia','nomadise'),"
178,sdnemoar,madrones,"('sdnemoar','madrones'),"
179,sdnemoar,ransomed,"('sdnemoar','ransomed'),"
180,sdnemoar,roadsmen,"('sdnemoar','roadsmen'),"
181,sdneiamo,amidones,"('sdneiamo','amidones'),"
182,sdneiamo,daimones,"('sdneiamo','daimones'),"
183,sdneiamo,nomadies,"('sdneiamo','nomadies'),"
184,sdneiamo,nomadise,"('sdneiamo','nomadise'),"
185,sdianeco,codeinas,"('sdianeco','codeinas'),"
186,sdianeco,diocesan,"('sdianeco','diocesan'),"
187,sdianeco,oceanids,"('sdianeco','oceanids'),"
188,sdianemo,amidones,"('sdianemo','amidones'),"
189,sdianemo,daimones,"('sdianemo','daimones'),"
190,sdianemo,nomadies,"('sdianemo','nomadies'),"
191,sdianemo,nomadise,"('sdianemo','nomadise'),"
192,sdiamone,amidones,"('sdiamone','amidones'),"
193,sdiamone,daimones,"('sdiamone','daimones'),"
194,sdiamone,nomadies,"('sdiamone','nomadies'),"
195,sdiamone,nomadise,"('sdiamone','nomadise'),"
196,sdiamoar,dioramas,"('sdiamoar','dioramas'),"
197,sdiamotn,donatism,"('sdiamotn','donatism'),"
198,sdiamotn,saintdom,"('sdiamotn','saintdom'),"
199,sdmniamo,monadism,"('sdmniamo','monadism'),"
200,sdmniamo,nomadism,"('sdmniamo','nomadism'),"
201,tnmoiasd,donatism,"('tnmoiasd','donatism'),"
202,tnmoiasd,saintdom,"('tnmoiasd','saintdom'),"
203,tnmoiane,antinome,"('tnmoiane','antinome'),"
204,tnmoiane,nominate,"('tnmoiane','nominate'),"
205,tnmoiail,limation,"('tnmoiail','limation'),"
206,tnmoiail,miltonia,"('tnmoiail','miltonia'),"
207,tnmoneia,antinome,"('tnmoneia','antinome'),"
208,tnmoneia,nominate,"('tnmoneia','nominate'),"
209,tnmoarla,matronal,"('tnmoarla','matronal'),"
210,tnmoilia,limation,"('tnmoilia','limation'),"
211,tnmoilia,miltonia,"('tnmoilia','miltonia'),"
212,tnarmoia,animator,"('tnarmoia','animator'),"
213,tnarmoia,montaria,"('tnarmoia','montaria'),"
214,tnarmoia,tamanoir,"('tnarmoia','tamanoir'),"
215,tnarmone,ornament,"('tnarmone','ornament'),"
216,tnarmoil,torminal,"('tnarmoil','torminal'),"
217,tnalmsla,stallman,"('tnalmsla','stallman'),"
218,utcoksne,unsocket,"('utcoksne','unsocket'),"
219,utconesd,contused,"('utconesd','contused'),"
220,utconesd,contused,"('utconesd','contused'),"
221,vatnalga,galavant,"('vatnalga','galavant'),"
222,vatngaal,galavant,"('vatngaal','galavant'),"
